icao24,firstseen,departure,lastseen,arrival,callsign,day,airline_prefix,date,registration,manufacturericao,manufacturername,model,typecode,icaoaircrafttype,operator,operatorcallsign,operatoricao,firstseen_dt,lastseen_dt,start_unix,end_unix,flight_id
3c65ca,2025-01-02 08:52:30+00:00,EGLL,2025-01-02 09:53:22+00:00,EDDF,DLH5H,2025-01-02 00:00:00+00:00,DLH,2025-01-02,D-AINJ,AIRBUS,Airbus Industrie,A320-271N,A20N,L2J,Lufthansa,LUFTHANSA,DLH,2025-01-02 08:52:30+00:00,2025-01-02 09:53:22+00:00,1735807950,1735811602,DLH5H_3c65ca_1735807950_1735811602
3c65d6,2025-01-03 08:48:00+00:00,EGLL,2025-01-03 09:57:46+00:00,EDDF,DLH5H,2025-01-03 00:00:00+00:00,DLH,2025-01-03,D-AINV,AIRBUS,Airbus Industrie,,A20N,L2J,Lufthansa,LH2471,DLH,2025-01-03 08:48:00+00:00,2025-01-03 09:57:46+00:00,1735894080,1735898266,DLH5H_3c65d6_1735894080_1735898266
3c65cd,2025-01-04 09:04:51+00:00,EGLL,2025-01-04 10:07:50+00:00,EDDF,DLH5H,2025-01-04 00:00:00+00:00,DLH,2025-01-04,D-AINM,AIRBUS,Airbus Industrie,A-320neo,A20N,L2J,Lufthansa,LUFTHANSA,DLH,2025-01-04 09:04:51+00:00,2025-01-04 10:07:50+00:00,1735981491,1735985270,DLH5H_3c65cd_1735981491_1735985270
3c6544,2025-01-06 08:49:51+00:00,EGLL,2025-01-06 09:54:14+00:00,EDDF,DLH5H,2025-01-06 00:00:00+00:00,DLH,2025-01-06,D-AIJD,AIRBUS,Airbus Industrie,,A20N,L2J,Lufthansa,LUFTHANSA,DLH,2025-01-06 08:49:51+00:00,2025-01-06 09:54:14+00:00,1736153391,1736157254,DLH5H_3c6544_1736153391_1736157254
3c6542,2025-01-07 09:17:24+00:00,EGLL,2025-01-07 10:19:21+00:00,EDDF,DLH5H,2025-01-07 00:00:00+00:00,DLH,2025-01-07,D-AIJB,AIRBUS,Airbus Industrie,A320-271N,A20N,L2J,Lufthansa,LUFTHANSA,DLH,2025-01-07 09:17:24+00:00,2025-01-07 10:19:21+00:00,1736241444,1736245161,DLH5H_3c6542_1736241444_1736245161
3c65ce,2025-01-08 08:46:02+00:00,EGLL,2025-01-08 09:45:12+00:00,EDDF,DLH5H,2025-01-08 00:00:00+00:00,DLH,2025-01-08,D-AINN,AIRBUS,Airbus Industrie,A320-271N,A20N,L2J,Lufthansa,LUFTHANSA,DLH,2025-01-08 08:46:02+00:00,2025-01-08 09:45:12+00:00,1736325962,1736329512,DLH5H_3c65ce_1736325962_1736329512
3c65d6,2025-01-09 08:45:44+00:00,EGLL,2025-01-09 09:47:15+00:00,EDDF,DLH5H,2025-01-09 00:00:00+00:00,DLH,2025-01-09,D-AINV,AIRBUS,Airbus Industrie,,A20N,L2J,Lufthansa,LH2471,DLH,2025-01-09 08:45:44+00:00,2025-01-09 09:47:15+00:00,1736412344,1736416035,DLH5H_3c65d6_1736412344_1736416035
3c65ca,2025-01-10 08:43:48+00:00,EGLL,2025-01-10 09:47:06+00:00,EDDF,DLH5H,2025-01-10 00:00:00+00:00,DLH,2025-01-10,D-AINJ,AIRBUS,Airbus Industrie,A320-271N,A20N,L2J,Lufthansa,LUFTHANSA,DLH,2025-01-10 08:43:48+00:00,2025-01-10 09:47:06+00:00,1736498628,1736502426,DLH5H_3c65ca_1736498628_1736502426
3c65c1,2025-01-11 08:42:18+00:00,EGLL,2025-01-11 09:47:16+00:00,EDDF,DLH5H,2025-01-11 00:00:00+00:00,DLH,2025-01-11,D-AINA,AIRBUS,Airbus,A320 271NSL,A20N,L2J,,LUFTHANSA,DLH,2025-01-11 08:42:18+00:00,2025-01-11 09:47:16+00:00,1736584938,1736588836,DLH5H_3c65c1_1736584938_1736588836
3c65d6,2025-01-12 09:09:11+00:00,EGLL,2025-01-12 10:12:29+00:00,EDDF,DLH5H,2025-01-12 00:00:00+00:00,DLH,2025-01-12,D-AINV,AIRBUS,Airbus Industrie,,A20N,L2J,Lufthansa,LH2471,DLH,2025-01-12 09:09:11+00:00,2025-01-12 10:12:29+00:00,1736672951,1736676749,DLH5H_3c65d6_1736672951_1736676749
3c65d6,2025-01-13 08:44:36+00:00,EGLL,2025-01-13 09:54:29+00:00,EDDF,DLH5H,2025-01-13 00:00:00+00:00,DLH,2025-01-13,D-AINV,AIRBUS,Airbus Industrie,,A20N,L2J,Lufthansa,LH2471,DLH,2025-01-13 08:44:36+00:00,2025-01-13 09:54:29+00:00,1736757876,1736762069,DLH5H_3c65d6_1736757876_1736762069
3c65d6,2025-01-14 08:41:08+00:00,EGLL,2025-01-14 09:44:34+00:00,EDDF,DLH5H,2025-01-14 00:00:00+00:00,DLH,2025-01-14,D-AINV,AIRBUS,Airbus Industrie,,A20N,L2J,Lufthansa,LH2471,DLH,2025-01-14 08:41:08+00:00,2025-01-14 09:44:34+00:00,1736844068,1736847874,DLH5H_3c65d6_1736844068_1736847874
3c65d6,2025-01-15 08:44:07+00:00,EGLL,2025-01-15 09:50:19+00:00,EDDF,DLH5H,2025-01-15 00:00:00+00:00,DLH,2025-01-15,D-AINV,AIRBUS,Airbus Industrie,,A20N,L2J,Lufthansa,LH2471,DLH,2025-01-15 08:44:07+00:00,2025-01-15 09:50:19+00:00,1736930647,1736934619,DLH5H_3c65d6_1736930647_1736934619
3c65d6,2025-01-16 08:52:07+00:00,EGLL,2025-01-16 09:55:26+00:00,EDDF,DLH5H,2025-01-16 00:00:00+00:00,DLH,2025-01-16,D-AINV,AIRBUS,Airbus Industrie,,A20N,L2J,Lufthansa,LH2471,DLH,2025-01-16 08:52:07+00:00,2025-01-16 09:55:26+00:00,1737017527,1737021326,DLH5H_3c65d6_1737017527_1737021326
3c65d6,2025-01-17 08:41:30+00:00,EGLL,2025-01-17 09:43:22+00:00,EDDF,DLH5H,2025-01-17 00:00:00+00:00,DLH,2025-01-17,D-AINV,AIRBUS,Airbus Industrie,,A20N,L2J,Lufthansa,LH2471,DLH,2025-01-17 08:41:30+00:00,2025-01-17 09:43:22+00:00,1737103290,1737107002,DLH5H_3c65d6_1737103290_1737107002
3c65d6,2025-01-18 08:36:53+00:00,EGLL,2025-01-18 09:42:38+00:00,EDDF,DLH5H,2025-01-18 00:00:00+00:00,DLH,2025-01-18,D-AINV,AIRBUS,Airbus Industrie,,A20N,L2J,Lufthansa,LH2471,DLH,2025-01-18 08:36:53+00:00,2025-01-18 09:42:38+00:00,1737189413,1737193358,DLH5H_3c65d6_1737189413_1737193358
3c65d6,2025-01-19 08:33:37+00:00,EGLL,2025-01-19 09:40:49+00:00,EDDF,DLH5H,2025-01-19 00:00:00+00:00,DLH,2025-01-19,D-AINV,AIRBUS,Airbus Industrie,,A20N,L2J,Lufthansa,LH2471,DLH,2025-01-19 08:33:37+00:00,2025-01-19 09:40:49+00:00,1737275617,1737279649,DLH5H_3c65d6_1737275617_1737279649
3c65d6,2025-01-20 08:48:03+00:00,EGLL,2025-01-20 09:58:21+00:00,EDDF,DLH5H,2025-01-20 00:00:00+00:00,DLH,2025-01-20,D-AINV,AIRBUS,Airbus Industrie,,A20N,L2J,Lufthansa,LH2471,DLH,2025-01-20 08:48:03+00:00,2025-01-20 09:58:21+00:00,1737362883,1737367101,DLH5H_3c65d6_1737362883_1737367101
3c65d6,2025-01-21 08:34:34+00:00,EGLL,2025-01-21 09:42:26+00:00,EDDF,DLH5H,2025-01-21 00:00:00+00:00,DLH,2025-01-21,D-AINV,AIRBUS,Airbus Industrie,,A20N,L2J,Lufthansa,LH2471,DLH,2025-01-21 08:34:34+00:00,2025-01-21 09:42:26+00:00,1737448474,1737452546,DLH5H_3c65d6_1737448474_1737452546
3c65d6,2025-01-22 08:38:55+00:00,EGLL,2025-01-22 09:42:13+00:00,EDDF,DLH5H,2025-01-22 00:00:00+00:00,DLH,2025-01-22,D-AINV,AIRBUS,Airbus Industrie,,A20N,L2J,Lufthansa,LH2471,DLH,2025-01-22 08:38:55+00:00,2025-01-22 09:42:13+00:00,1737535135,1737538933,DLH5H_3c65d6_1737535135_1737538933
3c65d6,2025-01-23 08:49:42+00:00,EGLL,2025-01-23 09:48:42+00:00,EDDF,DLH5H,2025-01-23 00:00:00+00:00,DLH,2025-01-23,D-AINV,AIRBUS,Airbus Industrie,,A20N,L2J,Lufthansa,LH2471,DLH,2025-01-23 08:49:42+00:00,2025-01-23 09:48:42+00:00,1737622182,1737625722,DLH5H_3c65d6_1737622182_1737625722
3c65c7,2025-01-25 08:34:39+00:00,EGLL,2025-01-25 09:38:24+00:00,EDDF,DLH5H,2025-01-25 00:00:00+00:00,DLH,2025-01-25,D-AING,AIRBUS,Airbus,Airbus A320 271NSL,A20N,L2J,,LUFTHANSA,DLH,2025-01-25 08:34:39+00:00,2025-01-25 09:38:24+00:00,1737794079,1737797904,DLH5H_3c65c7_1737794079_1737797904
3c65d9,2025-01-26 08:46:40+00:00,EGLL,2025-01-26 09:48:17+00:00,EDDF,DLH5H,2025-01-26 00:00:00+00:00,DLH,2025-01-26,D-AINY,AIRBUS,Airbus Industrie,A320-271N,A20N,L2J,Lufthansa,LUFTHANSA,DLH,2025-01-26 08:46:40+00:00,2025-01-26 09:48:17+00:00,1737881200,1737884897,DLH5H_3c65d9_1737881200_1737884897
3c6541,2025-01-27 08:43:01+00:00,EGLL,2025-01-27 09:46:52+00:00,EDDF,DLH5H,2025-01-27 00:00:00+00:00,DLH,2025-01-27,D-AIJA,AIRBUS,Airbus Industrie,A320-271N,A20N,L2J,Lufthansa,LUFTHANSA,DLH,2025-01-27 08:43:01+00:00,2025-01-27 09:46:52+00:00,1737967381,1737971212,DLH5H_3c6541_1737967381_1737971212
3c65c1,2025-01-28 08:51:19+00:00,EGLL,2025-01-28 09:57:11+00:00,EDDF,DLH5H,2025-01-28 00:00:00+00:00,DLH,2025-01-28,D-AINA,AIRBUS,Airbus,A320 271NSL,A20N,L2J,,LUFTHANSA,DLH,2025-01-28 08:51:19+00:00,2025-01-28 09:57:11+00:00,1738054279,1738058231,DLH5H_3c65c1_1738054279_1738058231
3c65d6,2025-01-29 08:42:45+00:00,EGLL,2025-01-29 09:45:28+00:00,EDDF,DLH5H,2025-01-29 00:00:00+00:00,DLH,2025-01-29,D-AINV,AIRBUS,Airbus Industrie,,A20N,L2J,Lufthansa,LH2471,DLH,2025-01-29 08:42:45+00:00,2025-01-29 09:45:28+00:00,1738140165,1738143928,DLH5H_3c65d6_1738140165_1738143928
3c65d6,2025-01-30 08:42:54+00:00,EGLL,2025-01-30 09:48:15+00:00,EDDF,DLH5H,2025-01-30 00:00:00+00:00,DLH,2025-01-30,D-AINV,AIRBUS,Airbus Industrie,,A20N,L2J,Lufthansa,LH2471,DLH,2025-01-30 08:42:54+00:00,2025-01-30 09:48:15+00:00,1738226574,1738230495,DLH5H_3c65d6_1738226574_1738230495
3c65c5,2025-01-31 08:42:23+00:00,EGLL,2025-01-31 09:52:45+00:00,EDDF,DLH5H,2025-01-31 00:00:00+00:00,DLH,2025-01-31,D-AINE,AIRBUS,Airbus,A320 271NSL,A20N,L2J,,LUFTHANSA,DLH,2025-01-31 08:42:23+00:00,2025-01-31 09:52:45+00:00,1738312943,1738317165,DLH5H_3c65c5_1738312943_1738317165
3c65c2,2025-02-01 08:43:43+00:00,EGLL,2025-02-01 09:45:45+00:00,EDDF,DLH5H,2025-02-01 00:00:00+00:00,DLH,2025-02-01,D-AINB,AIRBUS,Airbus,A320 271NSL,A20N,L2J,,LUFTHANSA,DLH,2025-02-01 08:43:43+00:00,2025-02-01 09:45:45+00:00,1738399423,1738403145,DLH5H_3c65c2_1738399423_1738403145
3c65ce,2025-02-02 08:28:45+00:00,EGLL,2025-02-02 09:33:48+00:00,EDDF,DLH5H,2025-02-02 00:00:00+00:00,DLH,2025-02-02,D-AINN,AIRBUS,Airbus Industrie,A320-271N,A20N,L2J,Lufthansa,LUFTHANSA,DLH,2025-02-02 08:28:45+00:00,2025-02-02 09:33:48+00:00,1738484925,1738488828,DLH5H_3c65ce_1738484925_1738488828
3c65cd,2025-02-03 08:41:21+00:00,EGLL,2025-02-03 09:53:58+00:00,EDDF,DLH5H,2025-02-03 00:00:00+00:00,DLH,2025-02-03,D-AINM,AIRBUS,Airbus Industrie,A-320neo,A20N,L2J,Lufthansa,LUFTHANSA,DLH,2025-02-03 08:41:21+00:00,2025-02-03 09:53:58+00:00,1738572081,1738576438,DLH5H_3c65cd_1738572081_1738576438
3c65d9,2025-02-04 08:33:00+00:00,EGLL,2025-02-04 09:42:13+00:00,EDDF,DLH5H,2025-02-04 00:00:00+00:00,DLH,2025-02-04,D-AINY,AIRBUS,Airbus Industrie,A320-271N,A20N,L2J,Lufthansa,LUFTHANSA,DLH,2025-02-04 08:33:00+00:00,2025-02-04 09:42:13+00:00,1738657980,1738662133,DLH5H_3c65d9_1738657980_1738662133
3c65c9,2025-02-05 08:41:04+00:00,EGLL,2025-02-05 09:45:28+00:00,EDDF,DLH5H,2025-02-05 00:00:00+00:00,DLH,2025-02-05,D-AINI,AIRBUS,Airbus,Airbus A320 271NSL,A20N,L2J,,LUFTHANSA,DLH,2025-02-05 08:41:04+00:00,2025-02-05 09:45:28+00:00,1738744864,1738748728,DLH5H_3c65c9_1738744864_1738748728
3c65c7,2025-02-06 08:40:30+00:00,EGLL,2025-02-06 09:39:19+00:00,EDDF,DLH5H,2025-02-06 00:00:00+00:00,DLH,2025-02-06,D-AING,AIRBUS,Airbus,Airbus A320 271NSL,A20N,L2J,,LUFTHANSA,DLH,2025-02-06 08:40:30+00:00,2025-02-06 09:39:19+00:00,1738831230,1738834759,DLH5H_3c65c7_1738831230_1738834759
3c65c7,2025-02-07 08:40:32+00:00,EGLL,2025-02-07 09:40:15+00:00,EDDF,DLH5H,2025-02-07 00:00:00+00:00,DLH,2025-02-07,D-AING,AIRBUS,Airbus,Airbus A320 271NSL,A20N,L2J,,LUFTHANSA,DLH,2025-02-07 08:40:32+00:00,2025-02-07 09:40:15+00:00,1738917632,1738921215,DLH5H_3c65c7_1738917632_1738921215
3c65ca,2025-02-08 08:45:18+00:00,EGLL,2025-02-08 09:48:54+00:00,EDDF,DLH5H,2025-02-08 00:00:00+00:00,DLH,2025-02-08,D-AINJ,AIRBUS,Airbus Industrie,A320-271N,A20N,L2J,Lufthansa,LUFTHANSA,DLH,2025-02-08 08:45:18+00:00,2025-02-08 09:48:54+00:00,1739004318,1739008134,DLH5H_3c65ca_1739004318_1739008134
3c65c6,2025-02-09 08:47:20+00:00,EGLL,2025-02-09 09:49:29+00:00,EDDF,DLH5H,2025-02-09 00:00:00+00:00,DLH,2025-02-09,D-AINF,AIRBUS,Airbus,A320 271NSL,A20N,L2J,,LUFTHANSA,DLH,2025-02-09 08:47:20+00:00,2025-02-09 09:49:29+00:00,1739090840,1739094569,DLH5H_3c65c6_1739090840_1739094569
3c65c1,2025-02-10 08:54:04+00:00,EGLL,2025-02-10 09:55:16+00:00,EDDF,DLH5H,2025-02-10 00:00:00+00:00,DLH,2025-02-10,D-AINA,AIRBUS,Airbus,A320 271NSL,A20N,L2J,,LUFTHANSA,DLH,2025-02-10 08:54:04+00:00,2025-02-10 09:55:16+00:00,1739177644,1739181316,DLH5H_3c65c1_1739177644_1739181316
3c65c6,2025-02-11 08:45:33+00:00,EGLL,2025-02-11 09:51:42+00:00,EDDF,DLH5H,2025-02-11 00:00:00+00:00,DLH,2025-02-11,D-AINF,AIRBUS,Airbus,A320 271NSL,A20N,L2J,,LUFTHANSA,DLH,2025-02-11 08:45:33+00:00,2025-02-11 09:51:42+00:00,1739263533,1739267502,DLH5H_3c65c6_1739263533_1739267502
3c65cd,2025-02-12 08:37:19+00:00,EGLL,2025-02-12 09:34:12+00:00,EDDF,DLH5H,2025-02-12 00:00:00+00:00,DLH,2025-02-12,D-AINM,AIRBUS,Airbus Industrie,A-320neo,A20N,L2J,Lufthansa,LUFTHANSA,DLH,2025-02-12 08:37:19+00:00,2025-02-12 09:34:12+00:00,1739349439,1739352852,DLH5H_3c65cd_1739349439_1739352852
3c65c7,2025-02-13 08:44:55+00:00,EGLL,2025-02-13 09:48:42+00:00,EDDF,DLH5H,2025-02-13 00:00:00+00:00,DLH,2025-02-13,D-AING,AIRBUS,Airbus,Airbus A320 271NSL,A20N,L2J,,LUFTHANSA,DLH,2025-02-13 08:44:55+00:00,2025-02-13 09:48:42+00:00,1739436295,1739440122,DLH5H_3c65c7_1739436295_1739440122
3c6541,2025-02-14 08:43:34+00:00,EGLL,2025-02-14 09:44:24+00:00,EDDF,DLH5H,2025-02-14 00:00:00+00:00,DLH,2025-02-14,D-AIJA,AIRBUS,Airbus Industrie,A320-271N,A20N,L2J,Lufthansa,LUFTHANSA,DLH,2025-02-14 08:43:34+00:00,2025-02-14 09:44:24+00:00,1739522614,1739526264,DLH5H_3c6541_1739522614_1739526264
3c6542,2025-02-15 08:53:26+00:00,EGLL,2025-02-15 09:49:25+00:00,EDDF,DLH5H,2025-02-15 00:00:00+00:00,DLH,2025-02-15,D-AIJB,AIRBUS,Airbus Industrie,A320-271N,A20N,L2J,Lufthansa,LUFTHANSA,DLH,2025-02-15 08:53:26+00:00,2025-02-15 09:49:25+00:00,1739609606,1739612965,DLH5H_3c6542_1739609606_1739612965
3c6544,2025-02-16 08:49:01+00:00,EGLL,2025-02-16 09:41:59+00:00,EDDF,DLH5H,2025-02-16 00:00:00+00:00,DLH,2025-02-16,D-AIJD,AIRBUS,Airbus Industrie,,A20N,L2J,Lufthansa,LUFTHANSA,DLH,2025-02-16 08:49:01+00:00,2025-02-16 09:41:59+00:00,1739695741,1739698919,DLH5H_3c6544_1739695741_1739698919
3c65c7,2025-02-17 08:52:38+00:00,EGLL,2025-02-17 09:49:27+00:00,EDDF,DLH5H,2025-02-17 00:00:00+00:00,DLH,2025-02-17,D-AING,AIRBUS,Airbus,Airbus A320 271NSL,A20N,L2J,,LUFTHANSA,DLH,2025-02-17 08:52:38+00:00,2025-02-17 09:49:27+00:00,1739782358,1739785767,DLH5H_3c65c7_1739782358_1739785767
3c65d9,2025-02-18 08:45:48+00:00,EGLL,2025-02-18 09:41:58+00:00,EDDF,DLH5H,2025-02-18 00:00:00+00:00,DLH,2025-02-18,D-AINY,AIRBUS,Airbus Industrie,A320-271N,A20N,L2J,Lufthansa,LUFTHANSA,DLH,2025-02-18 08:45:48+00:00,2025-02-18 09:41:58+00:00,1739868348,1739871718,DLH5H_3c65d9_1739868348_1739871718
3c65c5,2025-02-19 08:37:11+00:00,EGLL,2025-02-19 09:36:06+00:00,EDDF,DLH5H,2025-02-19 00:00:00+00:00,DLH,2025-02-19,D-AINE,AIRBUS,Airbus,A320 271NSL,A20N,L2J,,LUFTHANSA,DLH,2025-02-19 08:37:11+00:00,2025-02-19 09:36:06+00:00,1739954231,1739957766,DLH5H_3c65c5_1739954231_1739957766
3c65d6,2025-02-20 08:53:46+00:00,EGLL,2025-02-20 09:57:51+00:00,EDDF,DLH5H,2025-02-20 00:00:00+00:00,DLH,2025-02-20,D-AINV,AIRBUS,Airbus Industrie,,A20N,L2J,Lufthansa,LH2471,DLH,2025-02-20 08:53:46+00:00,2025-02-20 09:57:51+00:00,1740041626,1740045471,DLH5H_3c65d6_1740041626_1740045471
3c65cd,2025-02-21 08:50:01+00:00,EGLL,2025-02-21 09:56:29+00:00,EDDF,DLH5H,2025-02-21 00:00:00+00:00,DLH,2025-02-21,D-AINM,AIRBUS,Airbus Industrie,A-320neo,A20N,L2J,Lufthansa,LUFTHANSA,DLH,2025-02-21 08:50:01+00:00,2025-02-21 09:56:29+00:00,1740127801,1740131789,DLH5H_3c65cd_1740127801_1740131789
3c65c6,2025-02-22 08:43:17+00:00,EGLL,2025-02-22 09:55:43+00:00,EDDF,DLH5H,2025-02-22 00:00:00+00:00,DLH,2025-02-22,D-AINF,AIRBUS,Airbus,A320 271NSL,A20N,L2J,,LUFTHANSA,DLH,2025-02-22 08:43:17+00:00,2025-02-22 09:55:43+00:00,1740213797,1740218143,DLH5H_3c65c6_1740213797_1740218143
3c65d9,2025-02-23 08:42:00+00:00,EGLL,2025-02-23 09:47:57+00:00,EDDF,DLH5H,2025-02-23 00:00:00+00:00,DLH,2025-02-23,D-AINY,AIRBUS,Airbus Industrie,A320-271N,A20N,L2J,Lufthansa,LUFTHANSA,DLH,2025-02-23 08:42:00+00:00,2025-02-23 09:47:57+00:00,1740300120,1740304077,DLH5H_3c65d9_1740300120_1740304077
3c65d9,2025-02-24 09:39:05+00:00,EGLL,2025-02-24 10:40:14+00:00,EDDF,DLH5H,2025-02-24 00:00:00+00:00,DLH,2025-02-24,D-AINY,AIRBUS,Airbus Industrie,A320-271N,A20N,L2J,Lufthansa,LUFTHANSA,DLH,2025-02-24 09:39:05+00:00,2025-02-24 10:40:14+00:00,1740389945,1740393614,DLH5H_3c65d9_1740389945_1740393614
3c6542,2025-02-25 08:43:00+00:00,EGLL,2025-02-25 09:49:27+00:00,EDDF,DLH5H,2025-02-25 00:00:00+00:00,DLH,2025-02-25,D-AIJB,AIRBUS,Airbus Industrie,A320-271N,A20N,L2J,Lufthansa,LUFTHANSA,DLH,2025-02-25 08:43:00+00:00,2025-02-25 09:49:27+00:00,1740472980,1740476967,DLH5H_3c6542_1740472980_1740476967
3c65ce,2025-02-26 08:39:31+00:00,EGLL,2025-02-26 09:48:21+00:00,EDDF,DLH5H,2025-02-26 00:00:00+00:00,DLH,2025-02-26,D-AINN,AIRBUS,Airbus Industrie,A320-271N,A20N,L2J,Lufthansa,LUFTHANSA,DLH,2025-02-26 08:39:31+00:00,2025-02-26 09:48:21+00:00,1740559171,1740563301,DLH5H_3c65ce_1740559171_1740563301
3c65c9,2025-02-27 08:49:10+00:00,EGLL,2025-02-27 09:54:39+00:00,EDDF,DLH5H,2025-02-27 00:00:00+00:00,DLH,2025-02-27,D-AINI,AIRBUS,Airbus,Airbus A320 271NSL,A20N,L2J,,LUFTHANSA,DLH,2025-02-27 08:49:10+00:00,2025-02-27 09:54:39+00:00,1740646150,1740650079,DLH5H_3c65c9_1740646150_1740650079
3c65c1,2025-02-28 08:44:30+00:00,EGLL,2025-02-28 09:47:29+00:00,EDDF,DLH5H,2025-02-28 00:00:00+00:00,DLH,2025-02-28,D-AINA,AIRBUS,Airbus,A320 271NSL,A20N,L2J,,LUFTHANSA,DLH,2025-02-28 08:44:30+00:00,2025-02-28 09:47:29+00:00,1740732270,1740736049,DLH5H_3c65c1_1740732270_1740736049
3c65c7,2025-03-01 09:52:03+00:00,EGLL,2025-03-01 11:01:19+00:00,EDDF,DLH5H,2025-03-01 00:00:00+00:00,DLH,2025-03-01,D-AING,AIRBUS,Airbus,Airbus A320 271NSL,A20N,L2J,,LUFTHANSA,DLH,2025-03-01 09:52:03+00:00,2025-03-01 11:01:19+00:00,1740822723,1740826879,DLH5H_3c65c7_1740822723_1740826879
3c65d9,2025-03-02 08:44:10+00:00,EGLL,2025-03-02 09:46:28+00:00,EDDF,DLH5H,2025-03-02 00:00:00+00:00,DLH,2025-03-02,D-AINY,AIRBUS,Airbus Industrie,A320-271N,A20N,L2J,Lufthansa,LUFTHANSA,DLH,2025-03-02 08:44:10+00:00,2025-03-02 09:46:28+00:00,1740905050,1740908788,DLH5H_3c65d9_1740905050_1740908788
3c65cd,2025-03-03 08:37:12+00:00,EGLL,2025-03-03 09:38:50+00:00,EDDF,DLH5H,2025-03-03 00:00:00+00:00,DLH,2025-03-03,D-AINM,AIRBUS,Airbus Industrie,A-320neo,A20N,L2J,Lufthansa,LUFTHANSA,DLH,2025-03-03 08:37:12+00:00,2025-03-03 09:38:50+00:00,1740991032,1740994730,DLH5H_3c65cd_1740991032_1740994730
3c65c2,2025-03-04 08:39:36+00:00,EGLL,2025-03-04 09:44:38+00:00,EDDF,DLH5H,2025-03-04 00:00:00+00:00,DLH,2025-03-04,D-AINB,AIRBUS,Airbus,A320 271NSL,A20N,L2J,,LUFTHANSA,DLH,2025-03-04 08:39:36+00:00,2025-03-04 09:44:38+00:00,1741077576,1741081478,DLH5H_3c65c2_1741077576_1741081478
3c65d6,2025-03-05 08:42:43+00:00,EGLL,2025-03-05 09:53:24+00:00,EDDF,DLH5H,2025-03-05 00:00:00+00:00,DLH,2025-03-05,D-AINV,AIRBUS,Airbus Industrie,,A20N,L2J,Lufthansa,LH2471,DLH,2025-03-05 08:42:43+00:00,2025-03-05 09:53:24+00:00,1741164163,1741168404,DLH5H_3c65d6_1741164163_1741168404
3c65c1,2025-03-06 08:44:50+00:00,EGLL,2025-03-06 09:54:44+00:00,EDDF,DLH5H,2025-03-06 00:00:00+00:00,DLH,2025-03-06,D-AINA,AIRBUS,Airbus,A320 271NSL,A20N,L2J,,LUFTHANSA,DLH,2025-03-06 08:44:50+00:00,2025-03-06 09:54:44+00:00,1741250690,1741254884,DLH5H_3c65c1_1741250690_1741254884
3c65ce,2025-03-07 09:06:37+00:00,EGLL,2025-03-07 10:10:05+00:00,EDDF,DLH5H,2025-03-07 00:00:00+00:00,DLH,2025-03-07,D-AINN,AIRBUS,Airbus Industrie,A320-271N,A20N,L2J,Lufthansa,LUFTHANSA,DLH,2025-03-07 09:06:37+00:00,2025-03-07 10:10:05+00:00,1741338397,1741342205,DLH5H_3c65ce_1741338397_1741342205
3c6541,2025-03-08 08:41:32+00:00,EGLL,2025-03-08 09:41:57+00:00,EDDF,DLH5H,2025-03-08 00:00:00+00:00,DLH,2025-03-08,D-AIJA,AIRBUS,Airbus Industrie,A320-271N,A20N,L2J,Lufthansa,LUFTHANSA,DLH,2025-03-08 08:41:32+00:00,2025-03-08 09:41:57+00:00,1741423292,1741426917,DLH5H_3c6541_1741423292_1741426917
3c6544,2025-03-09 08:42:00+00:00,EGLL,2025-03-09 09:39:58+00:00,EDDF,DLH5H,2025-03-09 00:00:00+00:00,DLH,2025-03-09,D-AIJD,AIRBUS,Airbus Industrie,,A20N,L2J,Lufthansa,LUFTHANSA,DLH,2025-03-09 08:42:00+00:00,2025-03-09 09:39:58+00:00,1741509720,1741513198,DLH5H_3c6544_1741509720_1741513198
3c65c2,2025-03-11 08:58:52+00:00,EGLL,2025-03-11 10:03:10+00:00,EDDF,DLH5H,2025-03-11 00:00:00+00:00,DLH,2025-03-11,D-AINB,AIRBUS,Airbus,A320 271NSL,A20N,L2J,,LUFTHANSA,DLH,2025-03-11 08:58:52+00:00,2025-03-11 10:03:10+00:00,1741683532,1741687390,DLH5H_3c65c2_1741683532_1741687390
3c65ca,2025-03-12 08:46:46+00:00,EGLL,2025-03-12 09:46:55+00:00,EDDF,DLH5H,2025-03-12 00:00:00+00:00,DLH,2025-03-12,D-AINJ,AIRBUS,Airbus Industrie,A320-271N,A20N,L2J,Lufthansa,LUFTHANSA,DLH,2025-03-12 08:46:46+00:00,2025-03-12 09:46:55+00:00,1741769206,1741772815,DLH5H_3c65ca_1741769206_1741772815
3c65ce,2025-03-13 08:33:34+00:00,EGLL,2025-03-13 09:35:55+00:00,EDDF,DLH5H,2025-03-13 00:00:00+00:00,DLH,2025-03-13,D-AINN,AIRBUS,Airbus Industrie,A320-271N,A20N,L2J,Lufthansa,LUFTHANSA,DLH,2025-03-13 08:33:34+00:00,2025-03-13 09:35:55+00:00,1741854814,1741858555,DLH5H_3c65ce_1741854814_1741858555
3c6542,2025-03-14 08:34:49+00:00,EGLL,2025-03-14 09:34:48+00:00,EDDF,DLH5H,2025-03-14 00:00:00+00:00,DLH,2025-03-14,D-AIJB,AIRBUS,Airbus Industrie,A320-271N,A20N,L2J,Lufthansa,LUFTHANSA,DLH,2025-03-14 08:34:49+00:00,2025-03-14 09:34:48+00:00,1741941289,1741944888,DLH5H_3c6542_1741941289_1741944888
3c65c2,2025-03-15 08:32:46+00:00,EGLL,2025-03-15 09:36:52+00:00,EDDF,DLH5H,2025-03-15 00:00:00+00:00,DLH,2025-03-15,D-AINB,AIRBUS,Airbus,A320 271NSL,A20N,L2J,,LUFTHANSA,DLH,2025-03-15 08:32:46+00:00,2025-03-15 09:36:52+00:00,1742027566,1742031412,DLH5H_3c65c2_1742027566_1742031412
3c65c7,2025-03-16 08:48:40+00:00,EGLL,2025-03-16 09:56:06+00:00,EDDF,DLH5H,2025-03-16 00:00:00+00:00,DLH,2025-03-16,D-AING,AIRBUS,Airbus,Airbus A320 271NSL,A20N,L2J,,LUFTHANSA,DLH,2025-03-16 08:48:40+00:00,2025-03-16 09:56:06+00:00,1742114920,1742118966,DLH5H_3c65c7_1742114920_1742118966
3c6541,2025-03-17 08:57:02+00:00,EGLL,2025-03-17 10:01:51+00:00,EDDF,DLH5H,2025-03-17 00:00:00+00:00,DLH,2025-03-17,D-AIJA,AIRBUS,Airbus Industrie,A320-271N,A20N,L2J,Lufthansa,LUFTHANSA,DLH,2025-03-17 08:57:02+00:00,2025-03-17 10:01:51+00:00,1742201822,1742205711,DLH5H_3c6541_1742201822_1742205711
3c65c5,2025-03-18 09:05:00+00:00,EGLL,2025-03-18 10:05:17+00:00,EDDF,DLH5H,2025-03-18 00:00:00+00:00,DLH,2025-03-18,D-AINE,AIRBUS,Airbus,A320 271NSL,A20N,L2J,,LUFTHANSA,DLH,2025-03-18 09:05:00+00:00,2025-03-18 10:05:17+00:00,1742288700,1742292317,DLH5H_3c65c5_1742288700_1742292317
3c6542,2025-03-19 08:35:37+00:00,EGLL,2025-03-19 09:36:54+00:00,EDDF,DLH5H,2025-03-19 00:00:00+00:00,DLH,2025-03-19,D-AIJB,AIRBUS,Airbus Industrie,A320-271N,A20N,L2J,Lufthansa,LUFTHANSA,DLH,2025-03-19 08:35:37+00:00,2025-03-19 09:36:54+00:00,1742373337,1742377014,DLH5H_3c6542_1742373337_1742377014
3c65d9,2025-03-20 08:42:09+00:00,EGLL,2025-03-20 09:48:15+00:00,EDDF,DLH5H,2025-03-20 00:00:00+00:00,DLH,2025-03-20,D-AINY,AIRBUS,Airbus Industrie,A320-271N,A20N,L2J,Lufthansa,LUFTHANSA,DLH,2025-03-20 08:42:09+00:00,2025-03-20 09:48:15+00:00,1742460129,1742464095,DLH5H_3c65d9_1742460129_1742464095
3c6541,2025-03-22 08:44:19+00:00,EGLL,2025-03-22 09:47:55+00:00,EDDF,DLH5H,2025-03-22 00:00:00+00:00,DLH,2025-03-22,D-AIJA,AIRBUS,Airbus Industrie,A320-271N,A20N,L2J,Lufthansa,LUFTHANSA,DLH,2025-03-22 08:44:19+00:00,2025-03-22 09:47:55+00:00,1742633059,1742636875,DLH5H_3c6541_1742633059_1742636875
3c6541,2025-03-23 08:58:30+00:00,EGLL,2025-03-23 10:02:55+00:00,EDDF,DLH5H,2025-03-23 00:00:00+00:00,DLH,2025-03-23,D-AIJA,AIRBUS,Airbus Industrie,A320-271N,A20N,L2J,Lufthansa,LUFTHANSA,DLH,2025-03-23 08:58:30+00:00,2025-03-23 10:02:55+00:00,1742720310,1742724175,DLH5H_3c6541_1742720310_1742724175
3c65d8,2025-03-24 08:51:00+00:00,EGLL,2025-03-24 09:57:57+00:00,EDDF,DLH5H,2025-03-24 00:00:00+00:00,DLH,2025-03-24,D-AINX,AIRBUS,A320-271n,Airbus A320-271N,A20N,L2J,Lufthansa,LUFTHANSA,DLH,2025-03-24 08:51:00+00:00,2025-03-24 09:57:57+00:00,1742806260,1742810277,DLH5H_3c65d8_1742806260_1742810277
3c65cd,2025-03-25 10:22:34+00:00,EGLL,2025-03-25 11:26:27+00:00,EDDF,DLH5H,2025-03-25 00:00:00+00:00,DLH,2025-03-25,D-AINM,AIRBUS,Airbus Industrie,A-320neo,A20N,L2J,Lufthansa,LUFTHANSA,DLH,2025-03-25 10:22:34+00:00,2025-03-25 11:26:27+00:00,1742898154,1742901987,DLH5H_3c65cd_1742898154_1742901987
3c65d6,2025-03-26 08:51:39+00:00,EGLL,2025-03-26 09:55:29+00:00,EDDF,DLH5H,2025-03-26 00:00:00+00:00,DLH,2025-03-26,D-AINV,AIRBUS,Airbus Industrie,,A20N,L2J,Lufthansa,LH2471,DLH,2025-03-26 08:51:39+00:00,2025-03-26 09:55:29+00:00,1742979099,1742982929,DLH5H_3c65d6_1742979099_1742982929
3c65d6,2025-03-27 08:55:04+00:00,EGLL,2025-03-27 09:54:29+00:00,EDDF,DLH5H,2025-03-27 00:00:00+00:00,DLH,2025-03-27,D-AINV,AIRBUS,Airbus Industrie,,A20N,L2J,Lufthansa,LH2471,DLH,2025-03-27 08:55:04+00:00,2025-03-27 09:54:29+00:00,1743065704,1743069269,DLH5H_3c65d6_1743065704_1743069269
3c65c7,2025-03-28 08:37:44+00:00,EGLL,2025-03-28 09:45:59+00:00,EDDF,DLH5H,2025-03-28 00:00:00+00:00,DLH,2025-03-28,D-AING,AIRBUS,Airbus,Airbus A320 271NSL,A20N,L2J,,LUFTHANSA,DLH,2025-03-28 08:37:44+00:00,2025-03-28 09:45:59+00:00,1743151064,1743155159,DLH5H_3c65c7_1743151064_1743155159
3c6542,2025-03-29 08:57:02+00:00,EGLL,2025-03-29 09:57:18+00:00,EDDF,DLH5H,2025-03-29 00:00:00+00:00,DLH,2025-03-29,D-AIJB,AIRBUS,Airbus Industrie,A320-271N,A20N,L2J,Lufthansa,LUFTHANSA,DLH,2025-03-29 08:57:02+00:00,2025-03-29 09:57:18+00:00,1743238622,1743242238,DLH5H_3c6542_1743238622_1743242238
3c6544,2025-03-30 07:41:54+00:00,EGLL,2025-03-30 08:46:59+00:00,EDDF,DLH5H,2025-03-30 00:00:00+00:00,DLH,2025-03-30,D-AIJD,AIRBUS,Airbus Industrie,,A20N,L2J,Lufthansa,LUFTHANSA,DLH,2025-03-30 07:41:54+00:00,2025-03-30 08:46:59+00:00,1743320514,1743324419,DLH5H_3c6544_1743320514_1743324419
3c65c9,2025-03-31 07:46:40+00:00,EGLL,2025-03-31 08:49:40+00:00,EDDF,DLH5H,2025-03-31 00:00:00+00:00,DLH,2025-03-31,D-AINI,AIRBUS,Airbus,Airbus A320 271NSL,A20N,L2J,,LUFTHANSA,DLH,2025-03-31 07:46:40+00:00,2025-03-31 08:49:40+00:00,1743407200,1743410980,DLH5H_3c65c9_1743407200_1743410980
3c65d8,2025-04-01 07:36:30+00:00,EGLL,2025-04-01 08:39:56+00:00,EDDF,DLH5H,2025-04-01 00:00:00+00:00,DLH,2025-04-01,D-AINX,AIRBUS,A320-271n,Airbus A320-271N,A20N,L2J,Lufthansa,LUFTHANSA,DLH,2025-04-01 07:36:30+00:00,2025-04-01 08:39:56+00:00,1743492990,1743496796,DLH5H_3c65d8_1743492990_1743496796
3c65d6,2025-04-02 07:44:37+00:00,EGLL,2025-04-02 08:56:54+00:00,EDDF,DLH5H,2025-04-02 00:00:00+00:00,DLH,2025-04-02,D-AINV,AIRBUS,Airbus Industrie,,A20N,L2J,Lufthansa,LH2471,DLH,2025-04-02 07:44:37+00:00,2025-04-02 08:56:54+00:00,1743579877,1743584214,DLH5H_3c65d6_1743579877_1743584214
3c65d8,2025-04-03 08:02:09+00:00,EGLL,2025-04-03 09:03:29+00:00,EDDF,DLH5H,2025-04-03 00:00:00+00:00,DLH,2025-04-03,D-AINX,AIRBUS,A320-271n,Airbus A320-271N,A20N,L2J,Lufthansa,LUFTHANSA,DLH,2025-04-03 08:02:09+00:00,2025-04-03 09:03:29+00:00,1743667329,1743671009,DLH5H_3c65d8_1743667329_1743671009
3c65d8,2025-04-04 07:48:30+00:00,EGLL,2025-04-04 08:49:29+00:00,EDDF,DLH5H,2025-04-04 00:00:00+00:00,DLH,2025-04-04,D-AINX,AIRBUS,A320-271n,Airbus A320-271N,A20N,L2J,Lufthansa,LUFTHANSA,DLH,2025-04-04 07:48:30+00:00,2025-04-04 08:49:29+00:00,1743752910,1743756569,DLH5H_3c65d8_1743752910_1743756569
3c6544,2025-04-05 07:47:15+00:00,EGLL,2025-04-05 08:51:26+00:00,EDDF,DLH5H,2025-04-05 00:00:00+00:00,DLH,2025-04-05,D-AIJD,AIRBUS,Airbus Industrie,,A20N,L2J,Lufthansa,LUFTHANSA,DLH,2025-04-05 07:47:15+00:00,2025-04-05 08:51:26+00:00,1743839235,1743843086,DLH5H_3c6544_1743839235_1743843086
3c65c5,2025-04-06 07:54:06+00:00,EGLL,2025-04-06 08:51:58+00:00,EDDF,DLH5H,2025-04-06 00:00:00+00:00,DLH,2025-04-06,D-AINE,AIRBUS,Airbus,A320 271NSL,A20N,L2J,,LUFTHANSA,DLH,2025-04-06 07:54:06+00:00,2025-04-06 08:51:58+00:00,1743926046,1743929518,DLH5H_3c65c5_1743926046_1743929518
3c65d9,2025-04-07 07:57:00+00:00,EGLL,2025-04-07 09:01:38+00:00,EDDF,DLH5H,2025-04-07 00:00:00+00:00,DLH,2025-04-07,D-AINY,AIRBUS,Airbus Industrie,A320-271N,A20N,L2J,Lufthansa,LUFTHANSA,DLH,2025-04-07 07:57:00+00:00,2025-04-07 09:01:38+00:00,1744012620,1744016498,DLH5H_3c65d9_1744012620_1744016498
3c6544,2025-04-08 07:57:54+00:00,EGLL,2025-04-08 08:56:04+00:00,EDDF,DLH5H,2025-04-08 00:00:00+00:00,DLH,2025-04-08,D-AIJD,AIRBUS,Airbus Industrie,,A20N,L2J,Lufthansa,LUFTHANSA,DLH,2025-04-08 07:57:54+00:00,2025-04-08 08:56:04+00:00,1744099074,1744102564,DLH5H_3c6544_1744099074_1744102564
3c65c1,2025-04-09 07:55:30+00:00,EGLL,2025-04-09 08:55:39+00:00,EDDF,DLH5H,2025-04-09 00:00:00+00:00,DLH,2025-04-09,D-AINA,AIRBUS,Airbus,A320 271NSL,A20N,L2J,,LUFTHANSA,DLH,2025-04-09 07:55:30+00:00,2025-04-09 08:55:39+00:00,1744185330,1744188939,DLH5H_3c65c1_1744185330_1744188939
3c65ca,2025-04-10 07:48:49+00:00,EGLL,2025-04-10 08:54:03+00:00,EDDF,DLH5H,2025-04-10 00:00:00+00:00,DLH,2025-04-10,D-AINJ,AIRBUS,Airbus Industrie,A320-271N,A20N,L2J,Lufthansa,LUFTHANSA,DLH,2025-04-10 07:48:49+00:00,2025-04-10 08:54:03+00:00,1744271329,1744275243,DLH5H_3c65ca_1744271329_1744275243
3c65c1,2025-04-11 07:45:38+00:00,EGLL,2025-04-11 08:50:34+00:00,EDDF,DLH5H,2025-04-11 00:00:00+00:00,DLH,2025-04-11,D-AINA,AIRBUS,Airbus,A320 271NSL,A20N,L2J,,LUFTHANSA,DLH,2025-04-11 07:45:38+00:00,2025-04-11 08:50:34+00:00,1744357538,1744361434,DLH5H_3c65c1_1744357538_1744361434
3c65c5,2025-04-12 08:15:41+00:00,EGLL,2025-04-12 09:16:47+00:00,EDDF,DLH5H,2025-04-12 00:00:00+00:00,DLH,2025-04-12,D-AINE,AIRBUS,Airbus,A320 271NSL,A20N,L2J,,LUFTHANSA,DLH,2025-04-12 08:15:41+00:00,2025-04-12 09:16:47+00:00,1744445741,1744449407,DLH5H_3c65c5_1744445741_1744449407
3c65d6,2025-04-13 07:59:30+00:00,EGLL,2025-04-13 09:05:25+00:00,EDDF,DLH5H,2025-04-13 00:00:00+00:00,DLH,2025-04-13,D-AINV,AIRBUS,Airbus Industrie,,A20N,L2J,Lufthansa,LH2471,DLH,2025-04-13 07:59:30+00:00,2025-04-13 09:05:25+00:00,1744531170,1744535125,DLH5H_3c65d6_1744531170_1744535125
3c6541,2025-04-14 07:42:19+00:00,EGLL,2025-04-14 08:50:58+00:00,EDDF,DLH5H,2025-04-14 00:00:00+00:00,DLH,2025-04-14,D-AIJA,AIRBUS,Airbus Industrie,A320-271N,A20N,L2J,Lufthansa,LUFTHANSA,DLH,2025-04-14 07:42:19+00:00,2025-04-14 08:50:58+00:00,1744616539,1744620658,DLH5H_3c6541_1744616539_1744620658
3c65c5,2025-04-15 07:41:10+00:00,EGLL,2025-04-15 08:43:37+00:00,EDDF,DLH5H,2025-04-15 00:00:00+00:00,DLH,2025-04-15,D-AINE,AIRBUS,Airbus,A320 271NSL,A20N,L2J,,LUFTHANSA,DLH,2025-04-15 07:41:10+00:00,2025-04-15 08:43:37+00:00,1744702870,1744706617,DLH5H_3c65c5_1744702870_1744706617
3c65d9,2025-04-16 07:50:55+00:00,EGLL,2025-04-16 09:00:24+00:00,EDDF,DLH5H,2025-04-16 00:00:00+00:00,DLH,2025-04-16,D-AINY,AIRBUS,Airbus Industrie,A320-271N,A20N,L2J,Lufthansa,LUFTHANSA,DLH,2025-04-16 07:50:55+00:00,2025-04-16 09:00:24+00:00,1744789855,1744794024,DLH5H_3c65d9_1744789855_1744794024
3c65d9,2025-04-17 07:54:34+00:00,EGLL,2025-04-17 09:02:24+00:00,EDDF,DLH5H,2025-04-17 00:00:00+00:00,DLH,2025-04-17,D-AINY,AIRBUS,Airbus Industrie,A320-271N,A20N,L2J,Lufthansa,LUFTHANSA,DLH,2025-04-17 07:54:34+00:00,2025-04-17 09:02:24+00:00,1744876474,1744880544,DLH5H_3c65d9_1744876474_1744880544
3c65c6,2025-04-18 07:45:55+00:00,EGLL,2025-04-18 08:58:17+00:00,EDDF,DLH5H,2025-04-18 00:00:00+00:00,DLH,2025-04-18,D-AINF,AIRBUS,Airbus,A320 271NSL,A20N,L2J,,LUFTHANSA,DLH,2025-04-18 07:45:55+00:00,2025-04-18 08:58:17+00:00,1744962355,1744966697,DLH5H_3c65c6_1744962355_1744966697
3c65ca,2025-04-19 07:56:00+00:00,EGLL,2025-04-19 08:58:54+00:00,EDDF,DLH5H,2025-04-19 00:00:00+00:00,DLH,2025-04-19,D-AINJ,AIRBUS,Airbus Industrie,A320-271N,A20N,L2J,Lufthansa,LUFTHANSA,DLH,2025-04-19 07:56:00+00:00,2025-04-19 08:58:54+00:00,1745049360,1745053134,DLH5H_3c65ca_1745049360_1745053134
3c65c7,2025-04-20 07:54:49+00:00,EGLL,2025-04-20 08:54:28+00:00,EDDF,DLH5H,2025-04-20 00:00:00+00:00,DLH,2025-04-20,D-AING,AIRBUS,Airbus,Airbus A320 271NSL,A20N,L2J,,LUFTHANSA,DLH,2025-04-20 07:54:49+00:00,2025-04-20 08:54:28+00:00,1745135689,1745139268,DLH5H_3c65c7_1745135689_1745139268
3c65d6,2025-04-21 07:52:30+00:00,EGLL,2025-04-21 09:06:25+00:00,EDDF,DLH5H,2025-04-21 00:00:00+00:00,DLH,2025-04-21,D-AINV,AIRBUS,Airbus Industrie,,A20N,L2J,Lufthansa,LH2471,DLH,2025-04-21 07:52:30+00:00,2025-04-21 09:06:25+00:00,1745221950,1745226385,DLH5H_3c65d6_1745221950_1745226385
3c65ce,2025-04-22 09:16:44+00:00,EGLL,2025-04-22 10:25:53+00:00,EDDF,DLH5H,2025-04-22 00:00:00+00:00,DLH,2025-04-22,D-AINN,AIRBUS,Airbus Industrie,A320-271N,A20N,L2J,Lufthansa,LUFTHANSA,DLH,2025-04-22 09:16:44+00:00,2025-04-22 10:25:53+00:00,1745313404,1745317553,DLH5H_3c65ce_1745313404_1745317553
3c65ca,2025-04-23 08:06:19+00:00,EGLL,2025-04-23 09:09:12+00:00,EDDF,DLH5H,2025-04-23 00:00:00+00:00,DLH,2025-04-23,D-AINJ,AIRBUS,Airbus Industrie,A320-271N,A20N,L2J,Lufthansa,LUFTHANSA,DLH,2025-04-23 08:06:19+00:00,2025-04-23 09:09:12+00:00,1745395579,1745399352,DLH5H_3c65ca_1745395579_1745399352
3c65cd,2025-04-24 07:54:26+00:00,EGLL,2025-04-24 08:55:52+00:00,EDDF,DLH5H,2025-04-24 00:00:00+00:00,DLH,2025-04-24,D-AINM,AIRBUS,Airbus Industrie,A-320neo,A20N,L2J,Lufthansa,LUFTHANSA,DLH,2025-04-24 07:54:26+00:00,2025-04-24 08:55:52+00:00,1745481266,1745484952,DLH5H_3c65cd_1745481266_1745484952
3c65c1,2025-04-25 07:51:15+00:00,EGLL,2025-04-25 08:50:59+00:00,EDDF,DLH5H,2025-04-25 00:00:00+00:00,DLH,2025-04-25,D-AINA,AIRBUS,Airbus,A320 271NSL,A20N,L2J,,LUFTHANSA,DLH,2025-04-25 07:51:15+00:00,2025-04-25 08:50:59+00:00,1745567475,1745571059,DLH5H_3c65c1_1745567475_1745571059
3c65ce,2025-04-26 08:05:04+00:00,EGLL,2025-04-26 09:08:59+00:00,EDDF,DLH5H,2025-04-26 00:00:00+00:00,DLH,2025-04-26,D-AINN,AIRBUS,Airbus Industrie,A320-271N,A20N,L2J,Lufthansa,LUFTHANSA,DLH,2025-04-26 08:05:04+00:00,2025-04-26 09:08:59+00:00,1745654704,1745658539,DLH5H_3c65ce_1745654704_1745658539
3c65c1,2025-04-27 07:49:42+00:00,EGLL,2025-04-27 08:49:09+00:00,EDDF,DLH5H,2025-04-27 00:00:00+00:00,DLH,2025-04-27,D-AINA,AIRBUS,Airbus,A320 271NSL,A20N,L2J,,LUFTHANSA,DLH,2025-04-27 07:49:42+00:00,2025-04-27 08:49:09+00:00,1745740182,1745743749,DLH5H_3c65c1_1745740182_1745743749
3c6544,2025-04-28 07:51:16+00:00,EGLL,2025-04-28 08:52:57+00:00,EDDF,DLH5H,2025-04-28 00:00:00+00:00,DLH,2025-04-28,D-AIJD,AIRBUS,Airbus Industrie,,A20N,L2J,Lufthansa,LUFTHANSA,DLH,2025-04-28 07:51:16+00:00,2025-04-28 08:52:57+00:00,1745826676,1745830377,DLH5H_3c6544_1745826676_1745830377
3c65c3,2025-04-29 07:53:31+00:00,EGLL,2025-04-29 08:56:55+00:00,EDDF,DLH5H,2025-04-29 00:00:00+00:00,DLH,2025-04-29,D-AINC,AIRBUS,Airbus,A320 271NSL,A20N,L2J,,LUFTHANSA,DLH,2025-04-29 07:53:31+00:00,2025-04-29 08:56:55+00:00,1745913211,1745917015,DLH5H_3c65c3_1745913211_1745917015
3c65ce,2025-04-30 07:51:35+00:00,EGLL,2025-04-30 08:51:59+00:00,EDDF,DLH5H,2025-04-30 00:00:00+00:00,DLH,2025-04-30,D-AINN,AIRBUS,Airbus Industrie,A320-271N,A20N,L2J,Lufthansa,LUFTHANSA,DLH,2025-04-30 07:51:35+00:00,2025-04-30 08:51:59+00:00,1745999495,1746003119,DLH5H_3c65ce_1745999495_1746003119
3c65d6,2025-05-01 07:54:14+00:00,EGLL,2025-05-01 08:49:59+00:00,EDDF,DLH5H,2025-05-01 00:00:00+00:00,DLH,2025-05-01,D-AINV,AIRBUS,Airbus Industrie,,A20N,L2J,Lufthansa,LH2471,DLH,2025-05-01 07:54:14+00:00,2025-05-01 08:49:59+00:00,1746086054,1746089399,DLH5H_3c65d6_1746086054_1746089399
3c65c3,2025-05-02 08:02:25+00:00,EGLL,2025-05-02 09:03:55+00:00,EDDF,DLH5H,2025-05-02 00:00:00+00:00,DLH,2025-05-02,D-AINC,AIRBUS,Airbus,A320 271NSL,A20N,L2J,,LUFTHANSA,DLH,2025-05-02 08:02:25+00:00,2025-05-02 09:03:55+00:00,1746172945,1746176635,DLH5H_3c65c3_1746172945_1746176635
3c6541,2025-05-03 07:50:49+00:00,EGLL,2025-05-03 08:57:09+00:00,EDDF,DLH5H,2025-05-03 00:00:00+00:00,DLH,2025-05-03,D-AIJA,AIRBUS,Airbus Industrie,A320-271N,A20N,L2J,Lufthansa,LUFTHANSA,DLH,2025-05-03 07:50:49+00:00,2025-05-03 08:57:09+00:00,1746258649,1746262629,DLH5H_3c6541_1746258649_1746262629
3c65cd,2025-05-04 08:00:13+00:00,EGLL,2025-05-04 08:59:52+00:00,EDDF,DLH5H,2025-05-04 00:00:00+00:00,DLH,2025-05-04,D-AINM,AIRBUS,Airbus Industrie,A-320neo,A20N,L2J,Lufthansa,LUFTHANSA,DLH,2025-05-04 08:00:13+00:00,2025-05-04 08:59:52+00:00,1746345613,1746349192,DLH5H_3c65cd_1746345613_1746349192
3c65c6,2025-05-05 07:52:49+00:00,EGLL,2025-05-05 08:51:59+00:00,EDDF,DLH5H,2025-05-05 00:00:00+00:00,DLH,2025-05-05,D-AINF,AIRBUS,Airbus,A320 271NSL,A20N,L2J,,LUFTHANSA,DLH,2025-05-05 07:52:49+00:00,2025-05-05 08:51:59+00:00,1746431569,1746435119,DLH5H_3c65c6_1746431569_1746435119
3c65c9,2025-05-07 07:37:46+00:00,EGLL,2025-05-07 08:39:58+00:00,EDDF,DLH5H,2025-05-07 00:00:00+00:00,DLH,2025-05-07,D-AINI,AIRBUS,Airbus,Airbus A320 271NSL,A20N,L2J,,LUFTHANSA,DLH,2025-05-07 07:37:46+00:00,2025-05-07 08:39:58+00:00,1746603466,1746607198,DLH5H_3c65c9_1746603466_1746607198
3c6541,2025-05-08 07:52:44+00:00,EGLL,2025-05-08 08:56:19+00:00,EDDF,DLH5H,2025-05-08 00:00:00+00:00,DLH,2025-05-08,D-AIJA,AIRBUS,Airbus Industrie,A320-271N,A20N,L2J,Lufthansa,LUFTHANSA,DLH,2025-05-08 07:52:44+00:00,2025-05-08 08:56:19+00:00,1746690764,1746694579,DLH5H_3c6541_1746690764_1746694579
3c6541,2025-05-09 08:00:35+00:00,EGLL,2025-05-09 09:04:29+00:00,EDDF,DLH5H,2025-05-09 00:00:00+00:00,DLH,2025-05-09,D-AIJA,AIRBUS,Airbus Industrie,A320-271N,A20N,L2J,Lufthansa,LUFTHANSA,DLH,2025-05-09 08:00:35+00:00,2025-05-09 09:04:29+00:00,1746777635,1746781469,DLH5H_3c6541_1746777635_1746781469
3c65c1,2025-05-10 07:45:31+00:00,EGLL,2025-05-10 08:46:48+00:00,EDDF,DLH5H,2025-05-10 00:00:00+00:00,DLH,2025-05-10,D-AINA,AIRBUS,Airbus,A320 271NSL,A20N,L2J,,LUFTHANSA,DLH,2025-05-10 07:45:31+00:00,2025-05-10 08:46:48+00:00,1746863131,1746866808,DLH5H_3c65c1_1746863131_1746866808
3c6542,2025-05-11 07:49:22+00:00,EGLL,2025-05-11 08:47:50+00:00,EDDF,DLH5H,2025-05-11 00:00:00+00:00,DLH,2025-05-11,D-AIJB,AIRBUS,Airbus Industrie,A320-271N,A20N,L2J,Lufthansa,LUFTHANSA,DLH,2025-05-11 07:49:22+00:00,2025-05-11 08:47:50+00:00,1746949762,1746953270,DLH5H_3c6542_1746949762_1746953270
3c65c3,2025-05-12 08:09:55+00:00,EGLL,2025-05-12 09:18:08+00:00,EDDF,DLH5H,2025-05-12 00:00:00+00:00,DLH,2025-05-12,D-AINC,AIRBUS,Airbus,A320 271NSL,A20N,L2J,,LUFTHANSA,DLH,2025-05-12 08:09:55+00:00,2025-05-12 09:18:08+00:00,1747037395,1747041488,DLH5H_3c65c3_1747037395_1747041488
3c65d8,2025-05-13 07:47:17+00:00,EGLL,2025-05-13 08:49:50+00:00,EDDF,DLH5H,2025-05-13 00:00:00+00:00,DLH,2025-05-13,D-AINX,AIRBUS,A320-271n,Airbus A320-271N,A20N,L2J,Lufthansa,LUFTHANSA,DLH,2025-05-13 07:47:17+00:00,2025-05-13 08:49:50+00:00,1747122437,1747126190,DLH5H_3c65d8_1747122437_1747126190
3c65cd,2025-05-14 07:54:50+00:00,EGLL,2025-05-14 09:01:19+00:00,EDDF,DLH5H,2025-05-14 00:00:00+00:00,DLH,2025-05-14,D-AINM,AIRBUS,Airbus Industrie,A-320neo,A20N,L2J,Lufthansa,LUFTHANSA,DLH,2025-05-14 07:54:50+00:00,2025-05-14 09:01:19+00:00,1747209290,1747213279,DLH5H_3c65cd_1747209290_1747213279
3c65c7,2025-05-17 07:47:49+00:00,EGLL,2025-05-17 08:44:29+00:00,EDDF,DLH5H,2025-05-17 00:00:00+00:00,DLH,2025-05-17,D-AING,AIRBUS,Airbus,Airbus A320 271NSL,A20N,L2J,,LUFTHANSA,DLH,2025-05-17 07:47:49+00:00,2025-05-17 08:44:29+00:00,1747468069,1747471469,DLH5H_3c65c7_1747468069_1747471469
3c65c9,2025-05-18 07:56:00+00:00,EGLL,2025-05-18 09:01:36+00:00,EDDF,DLH5H,2025-05-18 00:00:00+00:00,DLH,2025-05-18,D-AINI,AIRBUS,Airbus,Airbus A320 271NSL,A20N,L2J,,LUFTHANSA,DLH,2025-05-18 07:56:00+00:00,2025-05-18 09:01:36+00:00,1747554960,1747558896,DLH5H_3c65c9_1747554960_1747558896
3c65d8,2025-05-20 08:00:20+00:00,EGLL,2025-05-20 08:59:23+00:00,EDDF,DLH5H,2025-05-20 00:00:00+00:00,DLH,2025-05-20,D-AINX,AIRBUS,A320-271n,Airbus A320-271N,A20N,L2J,Lufthansa,LUFTHANSA,DLH,2025-05-20 08:00:20+00:00,2025-05-20 08:59:23+00:00,1747728020,1747731563,DLH5H_3c65d8_1747728020_1747731563
3c6544,2025-05-21 07:55:34+00:00,EGLL,2025-05-21 09:04:50+00:00,EDDF,DLH5H,2025-05-21 00:00:00+00:00,DLH,2025-05-21,D-AIJD,AIRBUS,Airbus Industrie,,A20N,L2J,Lufthansa,LUFTHANSA,DLH,2025-05-21 07:55:34+00:00,2025-05-21 09:04:50+00:00,1747814134,1747818290,DLH5H_3c6544_1747814134_1747818290
3c65ce,2025-05-22 08:00:02+00:00,EGLL,2025-05-22 08:59:19+00:00,EDDF,DLH5H,2025-05-22 00:00:00+00:00,DLH,2025-05-22,D-AINN,AIRBUS,Airbus Industrie,A320-271N,A20N,L2J,Lufthansa,LUFTHANSA,DLH,2025-05-22 08:00:02+00:00,2025-05-22 08:59:19+00:00,1747900802,1747904359,DLH5H_3c65ce_1747900802_1747904359
3c6544,2025-05-23 07:45:03+00:00,EGLL,2025-05-23 08:51:10+00:00,EDDF,DLH5H,2025-05-23 00:00:00+00:00,DLH,2025-05-23,D-AIJD,AIRBUS,Airbus Industrie,,A20N,L2J,Lufthansa,LUFTHANSA,DLH,2025-05-23 07:45:03+00:00,2025-05-23 08:51:10+00:00,1747986303,1747990270,DLH5H_3c6544_1747986303_1747990270
3c65c7,2025-05-24 08:00:30+00:00,EGLL,2025-05-24 09:05:29+00:00,EDDF,DLH5H,2025-05-24 00:00:00+00:00,DLH,2025-05-24,D-AING,AIRBUS,Airbus,Airbus A320 271NSL,A20N,L2J,,LUFTHANSA,DLH,2025-05-24 08:00:30+00:00,2025-05-24 09:05:29+00:00,1748073630,1748077529,DLH5H_3c65c7_1748073630_1748077529
3c65ce,2025-05-25 08:04:04+00:00,EGLL,2025-05-25 09:06:51+00:00,EDDF,DLH5H,2025-05-25 00:00:00+00:00,DLH,2025-05-25,D-AINN,AIRBUS,Airbus Industrie,A320-271N,A20N,L2J,Lufthansa,LUFTHANSA,DLH,2025-05-25 08:04:04+00:00,2025-05-25 09:06:51+00:00,1748160244,1748164011,DLH5H_3c65ce_1748160244_1748164011
3c6544,2025-05-26 07:57:15+00:00,EGLL,2025-05-26 09:01:36+00:00,EDDF,DLH5H,2025-05-26 00:00:00+00:00,DLH,2025-05-26,D-AIJD,AIRBUS,Airbus Industrie,,A20N,L2J,Lufthansa,LUFTHANSA,DLH,2025-05-26 07:57:15+00:00,2025-05-26 09:01:36+00:00,1748246235,1748250096,DLH5H_3c6544_1748246235_1748250096
3c65c7,2025-05-27 07:43:20+00:00,EGLL,2025-05-27 08:47:27+00:00,EDDF,DLH5H,2025-05-27 00:00:00+00:00,DLH,2025-05-27,D-AING,AIRBUS,Airbus,Airbus A320 271NSL,A20N,L2J,,LUFTHANSA,DLH,2025-05-27 07:43:20+00:00,2025-05-27 08:47:27+00:00,1748331800,1748335647,DLH5H_3c65c7_1748331800_1748335647
3c65c6,2025-05-28 08:00:05+00:00,EGLL,2025-05-28 09:03:27+00:00,EDDF,DLH5H,2025-05-28 00:00:00+00:00,DLH,2025-05-28,D-AINF,AIRBUS,Airbus,A320 271NSL,A20N,L2J,,LUFTHANSA,DLH,2025-05-28 08:00:05+00:00,2025-05-28 09:03:27+00:00,1748419205,1748423007,DLH5H_3c65c6_1748419205_1748423007
3c65c9,2025-05-29 07:43:21+00:00,EGLL,2025-05-29 08:45:29+00:00,EDDF,DLH5H,2025-05-29 00:00:00+00:00,DLH,2025-05-29,D-AINI,AIRBUS,Airbus,Airbus A320 271NSL,A20N,L2J,,LUFTHANSA,DLH,2025-05-29 07:43:21+00:00,2025-05-29 08:45:29+00:00,1748504601,1748508329,DLH5H_3c65c9_1748504601_1748508329
3c65cd,2025-05-30 07:44:31+00:00,EGLL,2025-05-30 08:48:09+00:00,EDDF,DLH5H,2025-05-30 00:00:00+00:00,DLH,2025-05-30,D-AINM,AIRBUS,Airbus Industrie,A-320neo,A20N,L2J,Lufthansa,LUFTHANSA,DLH,2025-05-30 07:44:31+00:00,2025-05-30 08:48:09+00:00,1748591071,1748594889,DLH5H_3c65cd_1748591071_1748594889
3c65c9,2025-05-31 07:40:30+00:00,EGLL,2025-05-31 08:48:38+00:00,EDDF,DLH5H,2025-05-31 00:00:00+00:00,DLH,2025-05-31,D-AINI,AIRBUS,Airbus,Airbus A320 271NSL,A20N,L2J,,LUFTHANSA,DLH,2025-05-31 07:40:30+00:00,2025-05-31 08:48:38+00:00,1748677230,1748681318,DLH5H_3c65c9_1748677230_1748681318
3c65d8,2025-06-01 08:09:37+00:00,EGLL,2025-06-01 09:13:52+00:00,EDDF,DLH5H,2025-06-01 00:00:00+00:00,DLH,2025-06-01,D-AINX,AIRBUS,A320-271n,Airbus A320-271N,A20N,L2J,Lufthansa,LUFTHANSA,DLH,2025-06-01 08:09:37+00:00,2025-06-01 09:13:52+00:00,1748765377,1748769232,DLH5H_3c65d8_1748765377_1748769232
3c65d6,2025-06-02 07:59:00+00:00,EGLL,2025-06-02 09:00:19+00:00,EDDF,DLH5H,2025-06-02 00:00:00+00:00,DLH,2025-06-02,D-AINV,AIRBUS,Airbus Industrie,,A20N,L2J,Lufthansa,LH2471,DLH,2025-06-02 07:59:00+00:00,2025-06-02 09:00:19+00:00,1748851140,1748854819,DLH5H_3c65d6_1748851140_1748854819
3c65d6,2025-06-03 07:53:32+00:00,EGLL,2025-06-03 08:57:39+00:00,EDDF,DLH5H,2025-06-03 00:00:00+00:00,DLH,2025-06-03,D-AINV,AIRBUS,Airbus Industrie,,A20N,L2J,Lufthansa,LH2471,DLH,2025-06-03 07:53:32+00:00,2025-06-03 08:57:39+00:00,1748937212,1748941059,DLH5H_3c65d6_1748937212_1748941059
3c65c5,2025-06-04 07:53:56+00:00,EGLL,2025-06-04 08:59:58+00:00,EDDF,DLH5H,2025-06-04 00:00:00+00:00,DLH,2025-06-04,D-AINE,AIRBUS,Airbus,A320 271NSL,A20N,L2J,,LUFTHANSA,DLH,2025-06-04 07:53:56+00:00,2025-06-04 08:59:58+00:00,1749023636,1749027598,DLH5H_3c65c5_1749023636_1749027598
3c6541,2025-06-05 07:51:23+00:00,EGLL,2025-06-05 09:00:29+00:00,EDDF,DLH5H,2025-06-05 00:00:00+00:00,DLH,2025-06-05,D-AIJA,AIRBUS,Airbus Industrie,A320-271N,A20N,L2J,Lufthansa,LUFTHANSA,DLH,2025-06-05 07:51:23+00:00,2025-06-05 09:00:29+00:00,1749109883,1749114029,DLH5H_3c6541_1749109883_1749114029
3c65d8,2025-06-06 07:45:35+00:00,EGLL,2025-06-06 08:54:15+00:00,EDDF,DLH5H,2025-06-06 00:00:00+00:00,DLH,2025-06-06,D-AINX,AIRBUS,A320-271n,Airbus A320-271N,A20N,L2J,Lufthansa,LUFTHANSA,DLH,2025-06-06 07:45:35+00:00,2025-06-06 08:54:15+00:00,1749195935,1749200055,DLH5H_3c65d8_1749195935_1749200055
3c65d8,2025-06-07 07:44:54+00:00,EGLL,2025-06-07 08:46:15+00:00,EDDF,DLH5H,2025-06-07 00:00:00+00:00,DLH,2025-06-07,D-AINX,AIRBUS,A320-271n,Airbus A320-271N,A20N,L2J,Lufthansa,LUFTHANSA,DLH,2025-06-07 07:44:54+00:00,2025-06-07 08:46:15+00:00,1749282294,1749285975,DLH5H_3c65d8_1749282294_1749285975
3c65c5,2025-06-08 07:49:13+00:00,EGLL,2025-06-08 08:56:40+00:00,EDDF,DLH5H,2025-06-08 00:00:00+00:00,DLH,2025-06-08,D-AINE,AIRBUS,Airbus,A320 271NSL,A20N,L2J,,LUFTHANSA,DLH,2025-06-08 07:49:13+00:00,2025-06-08 08:56:40+00:00,1749368953,1749373000,DLH5H_3c65c5_1749368953_1749373000
3c65c6,2025-06-09 07:59:35+00:00,EGLL,2025-06-09 09:00:29+00:00,EDDF,DLH5H,2025-06-09 00:00:00+00:00,DLH,2025-06-09,D-AINF,AIRBUS,Airbus,A320 271NSL,A20N,L2J,,LUFTHANSA,DLH,2025-06-09 07:59:35+00:00,2025-06-09 09:00:29+00:00,1749455975,1749459629,DLH5H_3c65c6_1749455975_1749459629
3c65d6,2025-06-10 07:51:09+00:00,EGLL,2025-06-10 09:04:15+00:00,EDDF,DLH5H,2025-06-10 00:00:00+00:00,DLH,2025-06-10,D-AINV,AIRBUS,Airbus Industrie,,A20N,L2J,Lufthansa,LH2471,DLH,2025-06-10 07:51:09+00:00,2025-06-10 09:04:15+00:00,1749541869,1749546255,DLH5H_3c65d6_1749541869_1749546255
3c65c7,2025-06-11 07:42:47+00:00,EGLL,2025-06-11 08:39:03+00:00,EDDF,DLH5H,2025-06-11 00:00:00+00:00,DLH,2025-06-11,D-AING,AIRBUS,Airbus,Airbus A320 271NSL,A20N,L2J,,LUFTHANSA,DLH,2025-06-11 07:42:47+00:00,2025-06-11 08:39:03+00:00,1749627767,1749631143,DLH5H_3c65c7_1749627767_1749631143
3c65c6,2025-06-12 07:56:13+00:00,EGLL,2025-06-12 08:52:52+00:00,EDDF,DLH5H,2025-06-12 00:00:00+00:00,DLH,2025-06-12,D-AINF,AIRBUS,Airbus,A320 271NSL,A20N,L2J,,LUFTHANSA,DLH,2025-06-12 07:56:13+00:00,2025-06-12 08:52:52+00:00,1749714973,1749718372,DLH5H_3c65c6_1749714973_1749718372
3c65cd,2025-06-13 07:54:49+00:00,EGLL,2025-06-13 08:53:28+00:00,EDDF,DLH5H,2025-06-13 00:00:00+00:00,DLH,2025-06-13,D-AINM,AIRBUS,Airbus Industrie,A-320neo,A20N,L2J,Lufthansa,LUFTHANSA,DLH,2025-06-13 07:54:49+00:00,2025-06-13 08:53:28+00:00,1749801289,1749804808,DLH5H_3c65cd_1749801289_1749804808
3c65ca,2025-06-14 07:46:15+00:00,EGLL,2025-06-14 08:55:25+00:00,EDDF,DLH5H,2025-06-14 00:00:00+00:00,DLH,2025-06-14,D-AINJ,AIRBUS,Airbus Industrie,A320-271N,A20N,L2J,Lufthansa,LUFTHANSA,DLH,2025-06-14 07:46:15+00:00,2025-06-14 08:55:25+00:00,1749887175,1749891325,DLH5H_3c65ca_1749887175_1749891325
3c65d9,2025-06-15 08:00:06+00:00,EGLL,2025-06-15 09:08:57+00:00,EDDF,DLH5H,2025-06-15 00:00:00+00:00,DLH,2025-06-15,D-AINY,AIRBUS,Airbus Industrie,A320-271N,A20N,L2J,Lufthansa,LUFTHANSA,DLH,2025-06-15 08:00:06+00:00,2025-06-15 09:08:57+00:00,1749974406,1749978537,DLH5H_3c65d9_1749974406_1749978537
3c65d6,2025-06-16 08:10:33+00:00,EGLL,2025-06-16 09:18:29+00:00,EDDF,DLH5H,2025-06-16 00:00:00+00:00,DLH,2025-06-16,D-AINV,AIRBUS,Airbus Industrie,,A20N,L2J,Lufthansa,LH2471,DLH,2025-06-16 08:10:33+00:00,2025-06-16 09:18:29+00:00,1750061433,1750065509,DLH5H_3c65d6_1750061433_1750065509
3c65d6,2025-06-17 07:53:30+00:00,EGLL,2025-06-17 08:51:48+00:00,EDDF,DLH5H,2025-06-17 00:00:00+00:00,DLH,2025-06-17,D-AINV,AIRBUS,Airbus Industrie,,A20N,L2J,Lufthansa,LH2471,DLH,2025-06-17 07:53:30+00:00,2025-06-17 08:51:48+00:00,1750146810,1750150308,DLH5H_3c65d6_1750146810_1750150308
3c65ca,2025-06-18 08:12:49+00:00,EGLL,2025-06-18 09:15:37+00:00,EDDF,DLH5H,2025-06-18 00:00:00+00:00,DLH,2025-06-18,D-AINJ,AIRBUS,Airbus Industrie,A320-271N,A20N,L2J,Lufthansa,LUFTHANSA,DLH,2025-06-18 08:12:49+00:00,2025-06-18 09:15:37+00:00,1750234369,1750238137,DLH5H_3c65ca_1750234369_1750238137
3c65d6,2025-06-19 07:46:19+00:00,EGLL,2025-06-19 08:44:56+00:00,EDDF,DLH5H,2025-06-19 00:00:00+00:00,DLH,2025-06-19,D-AINV,AIRBUS,Airbus Industrie,,A20N,L2J,Lufthansa,LH2471,DLH,2025-06-19 07:46:19+00:00,2025-06-19 08:44:56+00:00,1750319179,1750322696,DLH5H_3c65d6_1750319179_1750322696
3c65c3,2025-06-20 08:42:20+00:00,EGLL,2025-06-20 09:35:55+00:00,EDDF,DLH5H,2025-06-20 00:00:00+00:00,DLH,2025-06-20,D-AINC,AIRBUS,Airbus,A320 271NSL,A20N,L2J,,LUFTHANSA,DLH,2025-06-20 08:42:20+00:00,2025-06-20 09:35:55+00:00,1750408940,1750412155,DLH5H_3c65c3_1750408940_1750412155
3c65c1,2025-06-21 07:54:08+00:00,EGLL,2025-06-21 08:51:46+00:00,EDDF,DLH5H,2025-06-21 00:00:00+00:00,DLH,2025-06-21,D-AINA,AIRBUS,Airbus,A320 271NSL,A20N,L2J,,LUFTHANSA,DLH,2025-06-21 07:54:08+00:00,2025-06-21 08:51:46+00:00,1750492448,1750495906,DLH5H_3c65c1_1750492448_1750495906
3c6544,2025-06-22 07:57:12+00:00,EGLL,2025-06-22 09:03:28+00:00,EDDF,DLH5H,2025-06-22 00:00:00+00:00,DLH,2025-06-22,D-AIJD,AIRBUS,Airbus Industrie,,A20N,L2J,Lufthansa,LUFTHANSA,DLH,2025-06-22 07:57:12+00:00,2025-06-22 09:03:28+00:00,1750579032,1750583008,DLH5H_3c6544_1750579032_1750583008
3c6544,2025-06-23 07:54:09+00:00,EGLL,2025-06-23 08:54:49+00:00,EDDF,DLH5H,2025-06-23 00:00:00+00:00,DLH,2025-06-23,D-AIJD,AIRBUS,Airbus Industrie,,A20N,L2J,Lufthansa,LUFTHANSA,DLH,2025-06-23 07:54:09+00:00,2025-06-23 08:54:49+00:00,1750665249,1750668889,DLH5H_3c6544_1750665249_1750668889
3c65c1,2025-06-24 07:53:46+00:00,EGLL,2025-06-24 08:57:43+00:00,EDDF,DLH5H,2025-06-24 00:00:00+00:00,DLH,2025-06-24,D-AINA,AIRBUS,Airbus,A320 271NSL,A20N,L2J,,LUFTHANSA,DLH,2025-06-24 07:53:46+00:00,2025-06-24 08:57:43+00:00,1750751626,1750755463,DLH5H_3c65c1_1750751626_1750755463
3c65ca,2025-06-25 07:49:49+00:00,EGLL,2025-06-25 08:53:53+00:00,EDDF,DLH5H,2025-06-25 00:00:00+00:00,DLH,2025-06-25,D-AINJ,AIRBUS,Airbus Industrie,A320-271N,A20N,L2J,Lufthansa,LUFTHANSA,DLH,2025-06-25 07:49:49+00:00,2025-06-25 08:53:53+00:00,1750837789,1750841633,DLH5H_3c65ca_1750837789_1750841633
3c65c1,2025-06-26 07:46:15+00:00,EGLL,2025-06-26 08:54:58+00:00,EDDF,DLH5H,2025-06-26 00:00:00+00:00,DLH,2025-06-26,D-AINA,AIRBUS,Airbus,A320 271NSL,A20N,L2J,,LUFTHANSA,DLH,2025-06-26 07:46:15+00:00,2025-06-26 08:54:58+00:00,1750923975,1750928098,DLH5H_3c65c1_1750923975_1750928098
3c65c7,2025-06-27 07:55:10+00:00,EGLL,2025-06-27 09:02:38+00:00,EDDF,DLH5H,2025-06-27 00:00:00+00:00,DLH,2025-06-27,D-AING,AIRBUS,Airbus,Airbus A320 271NSL,A20N,L2J,,LUFTHANSA,DLH,2025-06-27 07:55:10+00:00,2025-06-27 09:02:38+00:00,1751010910,1751014958,DLH5H_3c65c7_1751010910_1751014958
3c65ca,2025-06-28 08:33:09+00:00,EGLL,2025-06-28 09:32:24+00:00,EDDF,DLH5H,2025-06-28 00:00:00+00:00,DLH,2025-06-28,D-AINJ,AIRBUS,Airbus Industrie,A320-271N,A20N,L2J,Lufthansa,LUFTHANSA,DLH,2025-06-28 08:33:09+00:00,2025-06-28 09:32:24+00:00,1751099589,1751103144,DLH5H_3c65ca_1751099589_1751103144
3c65d6,2025-06-29 08:03:30+00:00,EGLL,2025-06-29 09:02:39+00:00,EDDF,DLH5H,2025-06-29 00:00:00+00:00,DLH,2025-06-29,D-AINV,AIRBUS,Airbus Industrie,,A20N,L2J,Lufthansa,LH2471,DLH,2025-06-29 08:03:30+00:00,2025-06-29 09:02:39+00:00,1751184210,1751187759,DLH5H_3c65d6_1751184210_1751187759
3c65d6,2025-06-30 07:53:11+00:00,EGLL,2025-06-30 08:59:49+00:00,EDDF,DLH5H,2025-06-30 00:00:00+00:00,DLH,2025-06-30,D-AINV,AIRBUS,Airbus Industrie,,A20N,L2J,Lufthansa,LH2471,DLH,2025-06-30 07:53:11+00:00,2025-06-30 08:59:49+00:00,1751269991,1751273989,DLH5H_3c65d6_1751269991_1751273989
3c65d6,2025-07-01 07:43:12+00:00,EGLL,2025-07-01 08:42:16+00:00,EDDF,DLH5H,2025-07-01 00:00:00+00:00,DLH,2025-07-01,D-AINV,AIRBUS,Airbus Industrie,,A20N,L2J,Lufthansa,LH2471,DLH,2025-07-01 07:43:12+00:00,2025-07-01 08:42:16+00:00,1751355792,1751359336,DLH5H_3c65d6_1751355792_1751359336
3c6542,2025-07-02 07:56:26+00:00,EGLL,2025-07-02 09:03:50+00:00,EDDF,DLH5H,2025-07-02 00:00:00+00:00,DLH,2025-07-02,D-AIJB,AIRBUS,Airbus Industrie,A320-271N,A20N,L2J,Lufthansa,LUFTHANSA,DLH,2025-07-02 07:56:26+00:00,2025-07-02 09:03:50+00:00,1751442986,1751447030,DLH5H_3c6542_1751442986_1751447030
3c6544,2025-07-03 08:02:54+00:00,EGLL,2025-07-03 09:03:59+00:00,EDDF,DLH5H,2025-07-03 00:00:00+00:00,DLH,2025-07-03,D-AIJD,AIRBUS,Airbus Industrie,,A20N,L2J,Lufthansa,LUFTHANSA,DLH,2025-07-03 08:02:54+00:00,2025-07-03 09:03:59+00:00,1751529774,1751533439,DLH5H_3c6544_1751529774_1751533439
3c65ca,2025-07-04 07:50:09+00:00,EGLL,2025-07-04 08:45:39+00:00,EDDF,DLH5H,2025-07-04 00:00:00+00:00,DLH,2025-07-04,D-AINJ,AIRBUS,Airbus Industrie,A320-271N,A20N,L2J,Lufthansa,LUFTHANSA,DLH,2025-07-04 07:50:09+00:00,2025-07-04 08:45:39+00:00,1751615409,1751618739,DLH5H_3c65ca_1751615409_1751618739
3c65d6,2025-07-05 07:58:47+00:00,EGLL,2025-07-05 09:02:26+00:00,EDDF,DLH5H,2025-07-05 00:00:00+00:00,DLH,2025-07-05,D-AINV,AIRBUS,Airbus Industrie,,A20N,L2J,Lufthansa,LH2471,DLH,2025-07-05 07:58:47+00:00,2025-07-05 09:02:26+00:00,1751702327,1751706146,DLH5H_3c65d6_1751702327_1751706146
3c6542,2025-07-06 07:49:01+00:00,EGLL,2025-07-06 08:54:57+00:00,EDDF,DLH5H,2025-07-06 00:00:00+00:00,DLH,2025-07-06,D-AIJB,AIRBUS,Airbus Industrie,A320-271N,A20N,L2J,Lufthansa,LUFTHANSA,DLH,2025-07-06 07:49:01+00:00,2025-07-06 08:54:57+00:00,1751788141,1751792097,DLH5H_3c6542_1751788141_1751792097
3c65c2,2025-07-07 07:54:37+00:00,EGLL,2025-07-07 09:03:46+00:00,EDDF,DLH5H,2025-07-07 00:00:00+00:00,DLH,2025-07-07,D-AINB,AIRBUS,Airbus,A320 271NSL,A20N,L2J,,LUFTHANSA,DLH,2025-07-07 07:54:37+00:00,2025-07-07 09:03:46+00:00,1751874877,1751879026,DLH5H_3c65c2_1751874877_1751879026
3c65c3,2025-07-08 07:54:00+00:00,EGLL,2025-07-08 09:01:44+00:00,EDDF,DLH5H,2025-07-08 00:00:00+00:00,DLH,2025-07-08,D-AINC,AIRBUS,Airbus,A320 271NSL,A20N,L2J,,LUFTHANSA,DLH,2025-07-08 07:54:00+00:00,2025-07-08 09:01:44+00:00,1751961240,1751965304,DLH5H_3c65c3_1751961240_1751965304
3c65d6,2025-07-09 07:39:24+00:00,EGLL,2025-07-09 08:46:10+00:00,EDDF,DLH5H,2025-07-09 00:00:00+00:00,DLH,2025-07-09,D-AINV,AIRBUS,Airbus Industrie,,A20N,L2J,Lufthansa,LH2471,DLH,2025-07-09 07:39:24+00:00,2025-07-09 08:46:10+00:00,1752046764,1752050770,DLH5H_3c65d6_1752046764_1752050770
3c65c5,2025-07-10 07:38:14+00:00,EGLL,2025-07-10 08:42:04+00:00,EDDF,DLH5H,2025-07-10 00:00:00+00:00,DLH,2025-07-10,D-AINE,AIRBUS,Airbus,A320 271NSL,A20N,L2J,,LUFTHANSA,DLH,2025-07-10 07:38:14+00:00,2025-07-10 08:42:04+00:00,1752133094,1752136924,DLH5H_3c65c5_1752133094_1752136924
3c65cd,2025-07-11 07:46:36+00:00,EGLL,2025-07-11 08:41:35+00:00,EDDF,DLH5H,2025-07-11 00:00:00+00:00,DLH,2025-07-11,D-AINM,AIRBUS,Airbus Industrie,A-320neo,A20N,L2J,Lufthansa,LUFTHANSA,DLH,2025-07-11 07:46:36+00:00,2025-07-11 08:41:35+00:00,1752219996,1752223295,DLH5H_3c65cd_1752219996_1752223295
3c65c2,2025-07-12 07:39:34+00:00,EGLL,2025-07-12 08:45:34+00:00,EDDF,DLH5H,2025-07-12 00:00:00+00:00,DLH,2025-07-12,D-AINB,AIRBUS,Airbus,A320 271NSL,A20N,L2J,,LUFTHANSA,DLH,2025-07-12 07:39:34+00:00,2025-07-12 08:45:34+00:00,1752305974,1752309934,DLH5H_3c65c2_1752305974_1752309934
3c6544,2025-07-13 08:44:40+00:00,EGLL,2025-07-13 09:46:21+00:00,EDDF,DLH5H,2025-07-13 00:00:00+00:00,DLH,2025-07-13,D-AIJD,AIRBUS,Airbus Industrie,,A20N,L2J,Lufthansa,LUFTHANSA,DLH,2025-07-13 08:44:40+00:00,2025-07-13 09:46:21+00:00,1752396280,1752399981,DLH5H_3c6544_1752396280_1752399981
3c65c6,2025-07-14 07:50:02+00:00,EGLL,2025-07-14 08:51:16+00:00,EDDF,DLH5H,2025-07-14 00:00:00+00:00,DLH,2025-07-14,D-AINF,AIRBUS,Airbus,A320 271NSL,A20N,L2J,,LUFTHANSA,DLH,2025-07-14 07:50:02+00:00,2025-07-14 08:51:16+00:00,1752479402,1752483076,DLH5H_3c65c6_1752479402_1752483076
3c65d9,2025-07-15 07:58:00+00:00,EGLL,2025-07-15 08:59:10+00:00,EDDF,DLH5H,2025-07-15 00:00:00+00:00,DLH,2025-07-15,D-AINY,AIRBUS,Airbus Industrie,A320-271N,A20N,L2J,Lufthansa,LUFTHANSA,DLH,2025-07-15 07:58:00+00:00,2025-07-15 08:59:10+00:00,1752566280,1752569950,DLH5H_3c65d9_1752566280_1752569950
3c6544,2025-07-16 08:05:33+00:00,EGLL,2025-07-16 09:08:08+00:00,EDDF,DLH5H,2025-07-16 00:00:00+00:00,DLH,2025-07-16,D-AIJD,AIRBUS,Airbus Industrie,,A20N,L2J,Lufthansa,LUFTHANSA,DLH,2025-07-16 08:05:33+00:00,2025-07-16 09:08:08+00:00,1752653133,1752656888,DLH5H_3c6544_1752653133_1752656888
3c65c1,2025-07-17 07:48:32+00:00,EGLL,2025-07-17 08:51:29+00:00,EDDF,DLH5H,2025-07-17 00:00:00+00:00,DLH,2025-07-17,D-AINA,AIRBUS,Airbus,A320 271NSL,A20N,L2J,,LUFTHANSA,DLH,2025-07-17 07:48:32+00:00,2025-07-17 08:51:29+00:00,1752738512,1752742289,DLH5H_3c65c1_1752738512_1752742289
3c65ca,2025-07-18 07:59:30+00:00,EGLL,2025-07-18 09:03:08+00:00,EDDF,DLH5H,2025-07-18 00:00:00+00:00,DLH,2025-07-18,D-AINJ,AIRBUS,Airbus Industrie,A320-271N,A20N,L2J,Lufthansa,LUFTHANSA,DLH,2025-07-18 07:59:30+00:00,2025-07-18 09:03:08+00:00,1752825570,1752829388,DLH5H_3c65ca_1752825570_1752829388
3c65c9,2025-07-19 08:43:10+00:00,EGLL,2025-07-19 09:39:23+00:00,EDDF,DLH5H,2025-07-19 00:00:00+00:00,DLH,2025-07-19,D-AINI,AIRBUS,Airbus,Airbus A320 271NSL,A20N,L2J,,LUFTHANSA,DLH,2025-07-19 08:43:10+00:00,2025-07-19 09:39:23+00:00,1752914590,1752917963,DLH5H_3c65c9_1752914590_1752917963
3c65c7,2025-07-20 07:42:03+00:00,EGLL,2025-07-20 08:46:21+00:00,EDDF,DLH5H,2025-07-20 00:00:00+00:00,DLH,2025-07-20,D-AING,AIRBUS,Airbus,Airbus A320 271NSL,A20N,L2J,,LUFTHANSA,DLH,2025-07-20 07:42:03+00:00,2025-07-20 08:46:21+00:00,1752997323,1753001181,DLH5H_3c65c7_1752997323_1753001181
3c6541,2025-07-21 08:04:11+00:00,EGLL,2025-07-21 09:09:51+00:00,EDDF,DLH5H,2025-07-21 00:00:00+00:00,DLH,2025-07-21,D-AIJA,AIRBUS,Airbus Industrie,A320-271N,A20N,L2J,Lufthansa,LUFTHANSA,DLH,2025-07-21 08:04:11+00:00,2025-07-21 09:09:51+00:00,1753085051,1753088991,DLH5H_3c6541_1753085051_1753088991
3c65c3,2025-07-22 07:53:30+00:00,EGLL,2025-07-22 08:58:38+00:00,EDDF,DLH5H,2025-07-22 00:00:00+00:00,DLH,2025-07-22,D-AINC,AIRBUS,Airbus,A320 271NSL,A20N,L2J,,LUFTHANSA,DLH,2025-07-22 07:53:30+00:00,2025-07-22 08:58:38+00:00,1753170810,1753174718,DLH5H_3c65c3_1753170810_1753174718
3c6544,2025-07-23 08:37:54+00:00,EGLL,2025-07-23 09:41:20+00:00,EDDF,DLH5H,2025-07-23 00:00:00+00:00,DLH,2025-07-23,D-AIJD,AIRBUS,Airbus Industrie,,A20N,L2J,Lufthansa,LUFTHANSA,DLH,2025-07-23 08:37:54+00:00,2025-07-23 09:41:20+00:00,1753259874,1753263680,DLH5H_3c6544_1753259874_1753263680
3c65d9,2025-07-24 07:53:31+00:00,EGLL,2025-07-24 09:00:57+00:00,EDDF,DLH5H,2025-07-24 00:00:00+00:00,DLH,2025-07-24,D-AINY,AIRBUS,Airbus Industrie,A320-271N,A20N,L2J,Lufthansa,LUFTHANSA,DLH,2025-07-24 07:53:31+00:00,2025-07-24 09:00:57+00:00,1753343611,1753347657,DLH5H_3c65d9_1753343611_1753347657
3c65c7,2025-07-25 07:51:03+00:00,EGLL,2025-07-25 08:58:27+00:00,EDDF,DLH5H,2025-07-25 00:00:00+00:00,DLH,2025-07-25,D-AING,AIRBUS,Airbus,Airbus A320 271NSL,A20N,L2J,,LUFTHANSA,DLH,2025-07-25 07:51:03+00:00,2025-07-25 08:58:27+00:00,1753429863,1753433907,DLH5H_3c65c7_1753429863_1753433907
3c65d9,2025-07-26 07:42:42+00:00,EGLL,2025-07-26 08:44:28+00:00,EDDF,DLH5H,2025-07-26 00:00:00+00:00,DLH,2025-07-26,D-AINY,AIRBUS,Airbus Industrie,A320-271N,A20N,L2J,Lufthansa,LUFTHANSA,DLH,2025-07-26 07:42:42+00:00,2025-07-26 08:44:28+00:00,1753515762,1753519468,DLH5H_3c65d9_1753515762_1753519468
3c65c3,2025-07-27 08:15:36+00:00,EGLL,2025-07-27 09:19:36+00:00,EDDF,DLH5H,2025-07-27 00:00:00+00:00,DLH,2025-07-27,D-AINC,AIRBUS,Airbus,A320 271NSL,A20N,L2J,,LUFTHANSA,DLH,2025-07-27 08:15:36+00:00,2025-07-27 09:19:36+00:00,1753604136,1753607976,DLH5H_3c65c3_1753604136_1753607976
3c65ce,2025-07-28 07:53:43+00:00,EGLL,2025-07-28 08:53:47+00:00,EDDF,DLH5H,2025-07-28 00:00:00+00:00,DLH,2025-07-28,D-AINN,AIRBUS,Airbus Industrie,A320-271N,A20N,L2J,Lufthansa,LUFTHANSA,DLH,2025-07-28 07:53:43+00:00,2025-07-28 08:53:47+00:00,1753689223,1753692827,DLH5H_3c65ce_1753689223_1753692827
3c6542,2025-07-29 07:45:16+00:00,EGLL,2025-07-29 08:51:24+00:00,EDDF,DLH5H,2025-07-29 00:00:00+00:00,DLH,2025-07-29,D-AIJB,AIRBUS,Airbus Industrie,A320-271N,A20N,L2J,Lufthansa,LUFTHANSA,DLH,2025-07-29 07:45:16+00:00,2025-07-29 08:51:24+00:00,1753775116,1753779084,DLH5H_3c6542_1753775116_1753779084
3c6541,2025-07-30 08:07:08+00:00,EGLL,2025-07-30 09:09:56+00:00,EDDF,DLH5H,2025-07-30 00:00:00+00:00,DLH,2025-07-30,D-AIJA,AIRBUS,Airbus Industrie,A320-271N,A20N,L2J,Lufthansa,LUFTHANSA,DLH,2025-07-30 08:07:08+00:00,2025-07-30 09:09:56+00:00,1753862828,1753866596,DLH5H_3c6541_1753862828_1753866596
3c65c7,2025-08-01 07:53:30+00:00,EGLL,2025-08-01 08:58:52+00:00,EDDF,DLH5H,2025-08-01 00:00:00+00:00,DLH,2025-08-01,D-AING,AIRBUS,Airbus,Airbus A320 271NSL,A20N,L2J,,LUFTHANSA,DLH,2025-08-01 07:53:30+00:00,2025-08-01 08:58:52+00:00,1754034810,1754038732,DLH5H_3c65c7_1754034810_1754038732
3c65d9,2025-08-02 08:05:10+00:00,EGLL,2025-08-02 09:05:47+00:00,EDDF,DLH5H,2025-08-02 00:00:00+00:00,DLH,2025-08-02,D-AINY,AIRBUS,Airbus Industrie,A320-271N,A20N,L2J,Lufthansa,LUFTHANSA,DLH,2025-08-02 08:05:10+00:00,2025-08-02 09:05:47+00:00,1754121910,1754125547,DLH5H_3c65d9_1754121910_1754125547
3c65cd,2025-08-03 07:35:02+00:00,EGLL,2025-08-03 08:37:25+00:00,EDDF,DLH5H,2025-08-03 00:00:00+00:00,DLH,2025-08-03,D-AINM,AIRBUS,Airbus Industrie,A-320neo,A20N,L2J,Lufthansa,LUFTHANSA,DLH,2025-08-03 07:35:02+00:00,2025-08-03 08:37:25+00:00,1754206502,1754210245,DLH5H_3c65cd_1754206502_1754210245
3c65c9,2025-08-04 07:55:43+00:00,EGLL,2025-08-04 09:02:57+00:00,EDDF,DLH5H,2025-08-04 00:00:00+00:00,DLH,2025-08-04,D-AINI,AIRBUS,Airbus,Airbus A320 271NSL,A20N,L2J,,LUFTHANSA,DLH,2025-08-04 07:55:43+00:00,2025-08-04 09:02:57+00:00,1754294143,1754298177,DLH5H_3c65c9_1754294143_1754298177
3c65c5,2025-08-05 08:08:01+00:00,EGLL,2025-08-05 09:09:22+00:00,EDDF,DLH5H,2025-08-05 00:00:00+00:00,DLH,2025-08-05,D-AINE,AIRBUS,Airbus,A320 271NSL,A20N,L2J,,LUFTHANSA,DLH,2025-08-05 08:08:01+00:00,2025-08-05 09:09:22+00:00,1754381281,1754384962,DLH5H_3c65c5_1754381281_1754384962
3c65d8,2025-08-06 07:46:35+00:00,EGLL,2025-08-06 08:51:11+00:00,EDDF,DLH5H,2025-08-06 00:00:00+00:00,DLH,2025-08-06,D-AINX,AIRBUS,A320-271n,Airbus A320-271N,A20N,L2J,Lufthansa,LUFTHANSA,DLH,2025-08-06 07:46:35+00:00,2025-08-06 08:51:11+00:00,1754466395,1754470271,DLH5H_3c65d8_1754466395_1754470271
3c65d6,2025-08-07 08:28:21+00:00,EGLL,2025-08-07 09:28:19+00:00,EDDF,DLH5H,2025-08-07 00:00:00+00:00,DLH,2025-08-07,D-AINV,AIRBUS,Airbus Industrie,,A20N,L2J,Lufthansa,LH2471,DLH,2025-08-07 08:28:21+00:00,2025-08-07 09:28:19+00:00,1754555301,1754558899,DLH5H_3c65d6_1754555301_1754558899
3c65c6,2025-08-08 07:48:08+00:00,EGLL,2025-08-08 08:50:07+00:00,EDDF,DLH5H,2025-08-08 00:00:00+00:00,DLH,2025-08-08,D-AINF,AIRBUS,Airbus,A320 271NSL,A20N,L2J,,LUFTHANSA,DLH,2025-08-08 07:48:08+00:00,2025-08-08 08:50:07+00:00,1754639288,1754643007,DLH5H_3c65c6_1754639288_1754643007
3c6544,2025-08-09 08:09:55+00:00,EGLL,2025-08-09 09:09:57+00:00,EDDF,DLH5H,2025-08-09 00:00:00+00:00,DLH,2025-08-09,D-AIJD,AIRBUS,Airbus Industrie,,A20N,L2J,Lufthansa,LUFTHANSA,DLH,2025-08-09 08:09:55+00:00,2025-08-09 09:09:57+00:00,1754726995,1754730597,DLH5H_3c6544_1754726995_1754730597
3c65d8,2025-08-10 07:40:52+00:00,EGLL,2025-08-10 08:37:08+00:00,EDDF,DLH5H,2025-08-10 00:00:00+00:00,DLH,2025-08-10,D-AINX,AIRBUS,A320-271n,Airbus A320-271N,A20N,L2J,Lufthansa,LUFTHANSA,DLH,2025-08-10 07:40:52+00:00,2025-08-10 08:37:08+00:00,1754811652,1754815028,DLH5H_3c65d8_1754811652_1754815028
3c65ce,2025-08-11 07:54:34+00:00,EGLL,2025-08-11 08:52:59+00:00,EDDF,DLH5H,2025-08-11 00:00:00+00:00,DLH,2025-08-11,D-AINN,AIRBUS,Airbus Industrie,A320-271N,A20N,L2J,Lufthansa,LUFTHANSA,DLH,2025-08-11 07:54:34+00:00,2025-08-11 08:52:59+00:00,1754898874,1754902379,DLH5H_3c65ce_1754898874_1754902379
3c65d8,2025-08-12 07:47:54+00:00,EGLL,2025-08-12 08:46:11+00:00,EDDF,DLH5H,2025-08-12 00:00:00+00:00,DLH,2025-08-12,D-AINX,AIRBUS,A320-271n,Airbus A320-271N,A20N,L2J,Lufthansa,LUFTHANSA,DLH,2025-08-12 07:47:54+00:00,2025-08-12 08:46:11+00:00,1754984874,1754988371,DLH5H_3c65d8_1754984874_1754988371
3c65c9,2025-08-13 08:01:33+00:00,EGLL,2025-08-13 09:07:28+00:00,EDDF,DLH5H,2025-08-13 00:00:00+00:00,DLH,2025-08-13,D-AINI,AIRBUS,Airbus,Airbus A320 271NSL,A20N,L2J,,LUFTHANSA,DLH,2025-08-13 08:01:33+00:00,2025-08-13 09:07:28+00:00,1755072093,1755076048,DLH5H_3c65c9_1755072093_1755076048
3c65c5,2025-08-14 07:40:35+00:00,EGLL,2025-08-14 08:40:28+00:00,EDDF,DLH5H,2025-08-14 00:00:00+00:00,DLH,2025-08-14,D-AINE,AIRBUS,Airbus,A320 271NSL,A20N,L2J,,LUFTHANSA,DLH,2025-08-14 07:40:35+00:00,2025-08-14 08:40:28+00:00,1755157235,1755160828,DLH5H_3c65c5_1755157235_1755160828
3c65c3,2025-08-15 07:47:30+00:00,EGLL,2025-08-15 08:46:23+00:00,EDDF,DLH5H,2025-08-15 00:00:00+00:00,DLH,2025-08-15,D-AINC,AIRBUS,Airbus,A320 271NSL,A20N,L2J,,LUFTHANSA,DLH,2025-08-15 07:47:30+00:00,2025-08-15 08:46:23+00:00,1755244050,1755247583,DLH5H_3c65c3_1755244050_1755247583
3c65ca,2025-08-17 08:01:24+00:00,EGLL,2025-08-17 08:55:59+00:00,EDDF,DLH5H,2025-08-17 00:00:00+00:00,DLH,2025-08-17,D-AINJ,AIRBUS,Airbus Industrie,A320-271N,A20N,L2J,Lufthansa,LUFTHANSA,DLH,2025-08-17 08:01:24+00:00,2025-08-17 08:55:59+00:00,1755417684,1755420959,DLH5H_3c65ca_1755417684_1755420959
3c65cd,2025-08-18 08:32:04+00:00,EGLL,2025-08-18 09:27:50+00:00,EDDF,DLH5H,2025-08-18 00:00:00+00:00,DLH,2025-08-18,D-AINM,AIRBUS,Airbus Industrie,A-320neo,A20N,L2J,Lufthansa,LUFTHANSA,DLH,2025-08-18 08:32:04+00:00,2025-08-18 09:27:50+00:00,1755505924,1755509270,DLH5H_3c65cd_1755505924_1755509270
3c65c5,2025-08-19 07:53:14+00:00,EGLL,2025-08-19 08:51:40+00:00,EDDF,DLH5H,2025-08-19 00:00:00+00:00,DLH,2025-08-19,D-AINE,AIRBUS,Airbus,A320 271NSL,A20N,L2J,,LUFTHANSA,DLH,2025-08-19 07:53:14+00:00,2025-08-19 08:51:40+00:00,1755589994,1755593500,DLH5H_3c65c5_1755589994_1755593500
3c65cd,2025-08-20 08:01:31+00:00,EGLL,2025-08-20 09:03:20+00:00,EDDF,DLH5H,2025-08-20 00:00:00+00:00,DLH,2025-08-20,D-AINM,AIRBUS,Airbus Industrie,A-320neo,A20N,L2J,Lufthansa,LUFTHANSA,DLH,2025-08-20 08:01:31+00:00,2025-08-20 09:03:20+00:00,1755676891,1755680600,DLH5H_3c65cd_1755676891_1755680600
3c65c1,2025-08-21 07:49:19+00:00,EGLL,2025-08-21 08:46:25+00:00,EDDF,DLH5H,2025-08-21 00:00:00+00:00,DLH,2025-08-21,D-AINA,AIRBUS,Airbus,A320 271NSL,A20N,L2J,,LUFTHANSA,DLH,2025-08-21 07:49:19+00:00,2025-08-21 08:46:25+00:00,1755762559,1755765985,DLH5H_3c65c1_1755762559_1755765985
3c6541,2025-08-22 07:45:14+00:00,EGLL,2025-08-22 08:45:23+00:00,EDDF,DLH5H,2025-08-22 00:00:00+00:00,DLH,2025-08-22,D-AIJA,AIRBUS,Airbus Industrie,A320-271N,A20N,L2J,Lufthansa,LUFTHANSA,DLH,2025-08-22 07:45:14+00:00,2025-08-22 08:45:23+00:00,1755848714,1755852323,DLH5H_3c6541_1755848714_1755852323
3c65c7,2025-08-23 08:03:36+00:00,EGLL,2025-08-23 09:05:56+00:00,EDDF,DLH5H,2025-08-23 00:00:00+00:00,DLH,2025-08-23,D-AING,AIRBUS,Airbus,Airbus A320 271NSL,A20N,L2J,,LUFTHANSA,DLH,2025-08-23 08:03:36+00:00,2025-08-23 09:05:56+00:00,1755936216,1755939956,DLH5H_3c65c7_1755936216_1755939956
3c65c6,2025-08-24 07:53:16+00:00,EGLL,2025-08-24 08:47:07+00:00,EDDF,DLH5H,2025-08-24 00:00:00+00:00,DLH,2025-08-24,D-AINF,AIRBUS,Airbus,A320 271NSL,A20N,L2J,,LUFTHANSA,DLH,2025-08-24 07:53:16+00:00,2025-08-24 08:47:07+00:00,1756021996,1756025227,DLH5H_3c65c6_1756021996_1756025227
3c65d8,2025-08-25 08:33:00+00:00,EGLL,2025-08-25 09:32:19+00:00,EDDF,DLH5H,2025-08-25 00:00:00+00:00,DLH,2025-08-25,D-AINX,AIRBUS,A320-271n,Airbus A320-271N,A20N,L2J,Lufthansa,LUFTHANSA,DLH,2025-08-25 08:33:00+00:00,2025-08-25 09:32:19+00:00,1756110780,1756114339,DLH5H_3c65d8_1756110780_1756114339
3c6541,2025-08-26 07:49:13+00:00,EGLL,2025-08-26 08:51:24+00:00,EDDF,DLH5H,2025-08-26 00:00:00+00:00,DLH,2025-08-26,D-AIJA,AIRBUS,Airbus Industrie,A320-271N,A20N,L2J,Lufthansa,LUFTHANSA,DLH,2025-08-26 07:49:13+00:00,2025-08-26 08:51:24+00:00,1756194553,1756198284,DLH5H_3c6541_1756194553_1756198284
3c65d9,2025-08-27 07:54:00+00:00,EGLL,2025-08-27 08:54:47+00:00,EDDF,DLH5H,2025-08-27 00:00:00+00:00,DLH,2025-08-27,D-AINY,AIRBUS,Airbus Industrie,A320-271N,A20N,L2J,Lufthansa,LUFTHANSA,DLH,2025-08-27 07:54:00+00:00,2025-08-27 08:54:47+00:00,1756281240,1756284887,DLH5H_3c65d9_1756281240_1756284887
3c65c6,2025-08-28 07:47:56+00:00,EGLL,2025-08-28 09:00:45+00:00,EDDF,DLH5H,2025-08-28 00:00:00+00:00,DLH,2025-08-28,D-AINF,AIRBUS,Airbus,A320 271NSL,A20N,L2J,,LUFTHANSA,DLH,2025-08-28 07:47:56+00:00,2025-08-28 09:00:45+00:00,1756367276,1756371645,DLH5H_3c65c6_1756367276_1756371645
3c65cd,2025-08-29 07:50:11+00:00,EGLL,2025-08-29 08:59:53+00:00,EDDF,DLH5H,2025-08-29 00:00:00+00:00,DLH,2025-08-29,D-AINM,AIRBUS,Airbus Industrie,A-320neo,A20N,L2J,Lufthansa,LUFTHANSA,DLH,2025-08-29 07:50:11+00:00,2025-08-29 08:59:53+00:00,1756453811,1756457993,DLH5H_3c65cd_1756453811_1756457993
3c65c1,2025-08-30 07:56:49+00:00,EGLL,2025-08-30 09:04:50+00:00,EDDF,DLH5H,2025-08-30 00:00:00+00:00,DLH,2025-08-30,D-AINA,AIRBUS,Airbus,A320 271NSL,A20N,L2J,,LUFTHANSA,DLH,2025-08-30 07:56:49+00:00,2025-08-30 09:04:50+00:00,1756540609,1756544690,DLH5H_3c65c1_1756540609_1756544690
3c65d8,2025-08-31 07:36:44+00:00,EGLL,2025-08-31 08:40:15+00:00,EDDF,DLH5H,2025-08-31 00:00:00+00:00,DLH,2025-08-31,D-AINX,AIRBUS,A320-271n,Airbus A320-271N,A20N,L2J,Lufthansa,LUFTHANSA,DLH,2025-08-31 07:36:44+00:00,2025-08-31 08:40:15+00:00,1756625804,1756629615,DLH5H_3c65d8_1756625804_1756629615
3c65c1,2025-09-01 07:56:37+00:00,EGLL,2025-09-01 09:03:38+00:00,EDDF,DLH5H,2025-09-01 00:00:00+00:00,DLH,2025-09-01,D-AINA,AIRBUS,Airbus,A320 271NSL,A20N,L2J,,LUFTHANSA,DLH,2025-09-01 07:56:37+00:00,2025-09-01 09:03:38+00:00,1756713397,1756717418,DLH5H_3c65c1_1756713397_1756717418
3c6542,2025-09-02 07:45:53+00:00,EGLL,2025-09-02 08:54:09+00:00,EDDF,DLH5H,2025-09-02 00:00:00+00:00,DLH,2025-09-02,D-AIJB,AIRBUS,Airbus Industrie,A320-271N,A20N,L2J,Lufthansa,LUFTHANSA,DLH,2025-09-02 07:45:53+00:00,2025-09-02 08:54:09+00:00,1756799153,1756803249,DLH5H_3c6542_1756799153_1756803249
3c65ce,2025-09-03 08:11:40+00:00,EGLL,2025-09-03 09:15:59+00:00,EDDF,DLH5H,2025-09-03 00:00:00+00:00,DLH,2025-09-03,D-AINN,AIRBUS,Airbus Industrie,A320-271N,A20N,L2J,Lufthansa,LUFTHANSA,DLH,2025-09-03 08:11:40+00:00,2025-09-03 09:15:59+00:00,1756887100,1756890959,DLH5H_3c65ce_1756887100_1756890959
3c65cd,2025-09-04 08:04:38+00:00,EGLL,2025-09-04 09:11:24+00:00,EDDF,DLH5H,2025-09-04 00:00:00+00:00,DLH,2025-09-04,D-AINM,AIRBUS,Airbus Industrie,A-320neo,A20N,L2J,Lufthansa,LUFTHANSA,DLH,2025-09-04 08:04:38+00:00,2025-09-04 09:11:24+00:00,1756973078,1756977084,DLH5H_3c65cd_1756973078_1756977084
3c65d9,2025-09-05 07:40:17+00:00,EGLL,2025-09-05 08:48:29+00:00,EDDF,DLH5H,2025-09-05 00:00:00+00:00,DLH,2025-09-05,D-AINY,AIRBUS,Airbus Industrie,A320-271N,A20N,L2J,Lufthansa,LUFTHANSA,DLH,2025-09-05 07:40:17+00:00,2025-09-05 08:48:29+00:00,1757058017,1757062109,DLH5H_3c65d9_1757058017_1757062109
3c65c1,2025-09-06 08:04:33+00:00,EGLL,2025-09-06 08:58:54+00:00,EDDF,DLH5H,2025-09-06 00:00:00+00:00,DLH,2025-09-06,D-AINA,AIRBUS,Airbus,A320 271NSL,A20N,L2J,,LUFTHANSA,DLH,2025-09-06 08:04:33+00:00,2025-09-06 08:58:54+00:00,1757145873,1757149134,DLH5H_3c65c1_1757145873_1757149134
3c65d8,2025-09-07 07:59:48+00:00,EGLL,2025-09-07 08:56:37+00:00,EDDF,DLH5H,2025-09-07 00:00:00+00:00,DLH,2025-09-07,D-AINX,AIRBUS,A320-271n,Airbus A320-271N,A20N,L2J,Lufthansa,LUFTHANSA,DLH,2025-09-07 07:59:48+00:00,2025-09-07 08:56:37+00:00,1757231988,1757235397,DLH5H_3c65d8_1757231988_1757235397
3c65c6,2025-09-08 07:43:18+00:00,EGLL,2025-09-08 08:41:49+00:00,EDDF,DLH5H,2025-09-08 00:00:00+00:00,DLH,2025-09-08,D-AINF,AIRBUS,Airbus,A320 271NSL,A20N,L2J,,LUFTHANSA,DLH,2025-09-08 07:43:18+00:00,2025-09-08 08:41:49+00:00,1757317398,1757320909,DLH5H_3c65c6_1757317398_1757320909
3c6544,2025-09-09 07:56:34+00:00,EGLL,2025-09-09 09:07:12+00:00,EDDF,DLH5H,2025-09-09 00:00:00+00:00,DLH,2025-09-09,D-AIJD,AIRBUS,Airbus Industrie,,A20N,L2J,Lufthansa,LUFTHANSA,DLH,2025-09-09 07:56:34+00:00,2025-09-09 09:07:12+00:00,1757404594,1757408832,DLH5H_3c6544_1757404594_1757408832
3c65d8,2025-09-10 08:03:14+00:00,EGLL,2025-09-10 09:14:27+00:00,EDDF,DLH5H,2025-09-10 00:00:00+00:00,DLH,2025-09-10,D-AINX,AIRBUS,A320-271n,Airbus A320-271N,A20N,L2J,Lufthansa,LUFTHANSA,DLH,2025-09-10 08:03:14+00:00,2025-09-10 09:14:27+00:00,1757491394,1757495667,DLH5H_3c65d8_1757491394_1757495667
3c65d6,2025-09-11 07:43:33+00:00,EGLL,2025-09-11 08:51:44+00:00,EDDF,DLH5H,2025-09-11 00:00:00+00:00,DLH,2025-09-11,D-AINV,AIRBUS,Airbus Industrie,,A20N,L2J,Lufthansa,LH2471,DLH,2025-09-11 07:43:33+00:00,2025-09-11 08:51:44+00:00,1757576613,1757580704,DLH5H_3c65d6_1757576613_1757580704
3c65d6,2025-09-12 07:45:56+00:00,EGLL,2025-09-12 08:51:17+00:00,EDDF,DLH5H,2025-09-12 00:00:00+00:00,DLH,2025-09-12,D-AINV,AIRBUS,Airbus Industrie,,A20N,L2J,Lufthansa,LH2471,DLH,2025-09-12 07:45:56+00:00,2025-09-12 08:51:17+00:00,1757663156,1757667077,DLH5H_3c65d6_1757663156_1757667077
3c65c3,2025-09-13 08:03:12+00:00,EGLL,2025-09-13 09:09:36+00:00,EDDF,DLH5H,2025-09-13 00:00:00+00:00,DLH,2025-09-13,D-AINC,AIRBUS,Airbus,A320 271NSL,A20N,L2J,,LUFTHANSA,DLH,2025-09-13 08:03:12+00:00,2025-09-13 09:09:36+00:00,1757750592,1757754576,DLH5H_3c65c3_1757750592_1757754576
3c65cd,2025-09-14 07:47:18+00:00,EGLL,2025-09-14 08:47:49+00:00,EDDF,DLH5H,2025-09-14 00:00:00+00:00,DLH,2025-09-14,D-AINM,AIRBUS,Airbus Industrie,A-320neo,A20N,L2J,Lufthansa,LUFTHANSA,DLH,2025-09-14 07:47:18+00:00,2025-09-14 08:47:49+00:00,1757836038,1757839669,DLH5H_3c65cd_1757836038_1757839669
3c65d8,2025-09-15 07:55:49+00:00,EGLL,2025-09-15 09:05:37+00:00,EDDF,DLH5H,2025-09-15 00:00:00+00:00,DLH,2025-09-15,D-AINX,AIRBUS,A320-271n,Airbus A320-271N,A20N,L2J,Lufthansa,LUFTHANSA,DLH,2025-09-15 07:55:49+00:00,2025-09-15 09:05:37+00:00,1757922949,1757927137,DLH5H_3c65d8_1757922949_1757927137
3c65d6,2025-09-16 07:40:42+00:00,EGLL,2025-09-16 08:42:57+00:00,EDDF,DLH5H,2025-09-16 00:00:00+00:00,DLH,2025-09-16,D-AINV,AIRBUS,Airbus Industrie,,A20N,L2J,Lufthansa,LH2471,DLH,2025-09-16 07:40:42+00:00,2025-09-16 08:42:57+00:00,1758008442,1758012177,DLH5H_3c65d6_1758008442_1758012177
3c65c3,2025-09-17 08:05:32+00:00,EGLL,2025-09-17 09:04:23+00:00,EDDF,DLH5H,2025-09-17 00:00:00+00:00,DLH,2025-09-17,D-AINC,AIRBUS,Airbus,A320 271NSL,A20N,L2J,,LUFTHANSA,DLH,2025-09-17 08:05:32+00:00,2025-09-17 09:04:23+00:00,1758096332,1758099863,DLH5H_3c65c3_1758096332_1758099863
3c6544,2025-09-18 07:50:09+00:00,EGLL,2025-09-18 08:52:19+00:00,EDDF,DLH5H,2025-09-18 00:00:00+00:00,DLH,2025-09-18,D-AIJD,AIRBUS,Airbus Industrie,,A20N,L2J,Lufthansa,LUFTHANSA,DLH,2025-09-18 07:50:09+00:00,2025-09-18 08:52:19+00:00,1758181809,1758185539,DLH5H_3c6544_1758181809_1758185539
3c65ca,2025-09-19 07:47:52+00:00,EGLL,2025-09-19 08:51:58+00:00,EDDF,DLH5H,2025-09-19 00:00:00+00:00,DLH,2025-09-19,D-AINJ,AIRBUS,Airbus Industrie,A320-271N,A20N,L2J,Lufthansa,LUFTHANSA,DLH,2025-09-19 07:47:52+00:00,2025-09-19 08:51:58+00:00,1758268072,1758271918,DLH5H_3c65ca_1758268072_1758271918
3c65c7,2025-09-20 09:50:04+00:00,EGLL,2025-09-20 10:55:38+00:00,EDDF,DLH5H,2025-09-20 00:00:00+00:00,DLH,2025-09-20,D-AING,AIRBUS,Airbus,Airbus A320 271NSL,A20N,L2J,,LUFTHANSA,DLH,2025-09-20 09:50:04+00:00,2025-09-20 10:55:38+00:00,1758361804,1758365738,DLH5H_3c65c7_1758361804_1758365738
3c65c3,2025-09-21 07:56:00+00:00,EGLL,2025-09-21 09:03:44+00:00,EDDF,DLH5H,2025-09-21 00:00:00+00:00,DLH,2025-09-21,D-AINC,AIRBUS,Airbus,A320 271NSL,A20N,L2J,,LUFTHANSA,DLH,2025-09-21 07:56:00+00:00,2025-09-21 09:03:44+00:00,1758441360,1758445424,DLH5H_3c65c3_1758441360_1758445424
3c65d8,2025-09-22 08:33:18+00:00,EGLL,2025-09-22 09:30:15+00:00,EDDF,DLH5H,2025-09-22 00:00:00+00:00,DLH,2025-09-22,D-AINX,AIRBUS,A320-271n,Airbus A320-271N,A20N,L2J,Lufthansa,LUFTHANSA,DLH,2025-09-22 08:33:18+00:00,2025-09-22 09:30:15+00:00,1758529998,1758533415,DLH5H_3c65d8_1758529998_1758533415
3c65c7,2025-09-23 07:56:44+00:00,EGLL,2025-09-23 09:01:28+00:00,EDDF,DLH5H,2025-09-23 00:00:00+00:00,DLH,2025-09-23,D-AING,AIRBUS,Airbus,Airbus A320 271NSL,A20N,L2J,,LUFTHANSA,DLH,2025-09-23 07:56:44+00:00,2025-09-23 09:01:28+00:00,1758614204,1758618088,DLH5H_3c65c7_1758614204_1758618088
3c65c6,2025-09-24 07:57:49+00:00,EGLL,2025-09-24 09:01:05+00:00,EDDF,DLH5H,2025-09-24 00:00:00+00:00,DLH,2025-09-24,D-AINF,AIRBUS,Airbus,A320 271NSL,A20N,L2J,,LUFTHANSA,DLH,2025-09-24 07:57:49+00:00,2025-09-24 09:01:05+00:00,1758700669,1758704465,DLH5H_3c65c6_1758700669_1758704465
3c65d8,2025-09-25 07:41:25+00:00,EGLL,2025-09-25 08:42:29+00:00,EDDF,DLH5H,2025-09-25 00:00:00+00:00,DLH,2025-09-25,D-AINX,AIRBUS,A320-271n,Airbus A320-271N,A20N,L2J,Lufthansa,LUFTHANSA,DLH,2025-09-25 07:41:25+00:00,2025-09-25 08:42:29+00:00,1758786085,1758789749,DLH5H_3c65d8_1758786085_1758789749
3c65ce,2025-09-26 07:54:03+00:00,EGLL,2025-09-26 08:59:25+00:00,EDDF,DLH5H,2025-09-26 00:00:00+00:00,DLH,2025-09-26,D-AINN,AIRBUS,Airbus Industrie,A320-271N,A20N,L2J,Lufthansa,LUFTHANSA,DLH,2025-09-26 07:54:03+00:00,2025-09-26 08:59:25+00:00,1758873243,1758877165,DLH5H_3c65ce_1758873243_1758877165
3c65c6,2025-09-27 08:14:55+00:00,EGLL,2025-09-27 09:19:43+00:00,EDDF,DLH5H,2025-09-27 00:00:00+00:00,DLH,2025-09-27,D-AINF,AIRBUS,Airbus,A320 271NSL,A20N,L2J,,LUFTHANSA,DLH,2025-09-27 08:14:55+00:00,2025-09-27 09:19:43+00:00,1758960895,1758964783,DLH5H_3c65c6_1758960895_1758964783
3c65c5,2025-09-29 08:10:25+00:00,EGLL,2025-09-29 09:10:28+00:00,EDDF,DLH5H,2025-09-29 00:00:00+00:00,DLH,2025-09-29,D-AINE,AIRBUS,Airbus,A320 271NSL,A20N,L2J,,LUFTHANSA,DLH,2025-09-29 08:10:25+00:00,2025-09-29 09:10:28+00:00,1759133425,1759137028,DLH5H_3c65c5_1759133425_1759137028
3c65ca,2025-09-30 07:41:00+00:00,EGLL,2025-09-30 08:44:27+00:00,EDDF,DLH5H,2025-09-30 00:00:00+00:00,DLH,2025-09-30,D-AINJ,AIRBUS,Airbus Industrie,A320-271N,A20N,L2J,Lufthansa,LUFTHANSA,DLH,2025-09-30 07:41:00+00:00,2025-09-30 08:44:27+00:00,1759218060,1759221867,DLH5H_3c65ca_1759218060_1759221867
3c65c2,2025-10-01 07:53:33+00:00,EGLL,2025-10-01 08:59:19+00:00,EDDF,DLH5H,2025-10-01 00:00:00+00:00,DLH,2025-10-01,D-AINB,AIRBUS,Airbus,A320 271NSL,A20N,L2J,,LUFTHANSA,DLH,2025-10-01 07:53:33+00:00,2025-10-01 08:59:19+00:00,1759305213,1759309159,DLH5H_3c65c2_1759305213_1759309159
3c65ca,2025-10-02 08:25:34+00:00,EGLL,2025-10-02 09:31:27+00:00,EDDF,DLH5H,2025-10-02 00:00:00+00:00,DLH,2025-10-02,D-AINJ,AIRBUS,Airbus Industrie,A320-271N,A20N,L2J,Lufthansa,LUFTHANSA,DLH,2025-10-02 08:25:34+00:00,2025-10-02 09:31:27+00:00,1759393534,1759397487,DLH5H_3c65ca_1759393534_1759397487
3c65c6,2025-10-03 07:56:00+00:00,EGLL,2025-10-03 08:52:47+00:00,EDDF,DLH5H,2025-10-03 00:00:00+00:00,DLH,2025-10-03,D-AINF,AIRBUS,Airbus,A320 271NSL,A20N,L2J,,LUFTHANSA,DLH,2025-10-03 07:56:00+00:00,2025-10-03 08:52:47+00:00,1759478160,1759481567,DLH5H_3c65c6_1759478160_1759481567
3c65ca,2025-10-04 07:58:50+00:00,EGLL,2025-10-04 08:55:26+00:00,EDDF,DLH5H,2025-10-04 00:00:00+00:00,DLH,2025-10-04,D-AINJ,AIRBUS,Airbus Industrie,A320-271N,A20N,L2J,Lufthansa,LUFTHANSA,DLH,2025-10-04 07:58:50+00:00,2025-10-04 08:55:26+00:00,1759564730,1759568126,DLH5H_3c65ca_1759564730_1759568126
3c65c5,2025-10-05 07:42:31+00:00,EGLL,2025-10-05 08:45:59+00:00,EDDF,DLH5H,2025-10-05 00:00:00+00:00,DLH,2025-10-05,D-AINE,AIRBUS,Airbus,A320 271NSL,A20N,L2J,,LUFTHANSA,DLH,2025-10-05 07:42:31+00:00,2025-10-05 08:45:59+00:00,1759650151,1759653959,DLH5H_3c65c5_1759650151_1759653959
3c65cd,2025-10-06 07:55:14+00:00,EGLL,2025-10-06 08:55:50+00:00,EDDF,DLH5H,2025-10-06 00:00:00+00:00,DLH,2025-10-06,D-AINM,AIRBUS,Airbus Industrie,A-320neo,A20N,L2J,Lufthansa,LUFTHANSA,DLH,2025-10-06 07:55:14+00:00,2025-10-06 08:55:50+00:00,1759737314,1759740950,DLH5H_3c65cd_1759737314_1759740950
3c65d6,2025-10-07 07:34:06+00:00,EGLL,2025-10-07 08:41:09+00:00,EDDF,DLH5H,2025-10-07 00:00:00+00:00,DLH,2025-10-07,D-AINV,AIRBUS,Airbus Industrie,,A20N,L2J,Lufthansa,LH2471,DLH,2025-10-07 07:34:06+00:00,2025-10-07 08:41:09+00:00,1759822446,1759826469,DLH5H_3c65d6_1759822446_1759826469
3c65c5,2025-10-08 07:27:24+00:00,EGLL,2025-10-08 08:37:06+00:00,EDDF,DLH5H,2025-10-08 00:00:00+00:00,DLH,2025-10-08,D-AINE,AIRBUS,Airbus,A320 271NSL,A20N,L2J,,LUFTHANSA,DLH,2025-10-08 07:27:24+00:00,2025-10-08 08:37:06+00:00,1759908444,1759912626,DLH5H_3c65c5_1759908444_1759912626
3c65d9,2025-10-09 07:43:07+00:00,EGLL,2025-10-09 08:52:53+00:00,EDDF,DLH5H,2025-10-09 00:00:00+00:00,DLH,2025-10-09,D-AINY,AIRBUS,Airbus Industrie,A320-271N,A20N,L2J,Lufthansa,LUFTHANSA,DLH,2025-10-09 07:43:07+00:00,2025-10-09 08:52:53+00:00,1759995787,1759999973,DLH5H_3c65d9_1759995787_1759999973
3c65d8,2025-10-10 07:35:39+00:00,EGLL,2025-10-10 08:37:23+00:00,EDDF,DLH5H,2025-10-10 00:00:00+00:00,DLH,2025-10-10,D-AINX,AIRBUS,A320-271n,Airbus A320-271N,A20N,L2J,Lufthansa,LUFTHANSA,DLH,2025-10-10 07:35:39+00:00,2025-10-10 08:37:23+00:00,1760081739,1760085443,DLH5H_3c65d8_1760081739_1760085443
3c65cd,2025-10-11 07:48:20+00:00,EGLL,2025-10-11 09:03:21+00:00,EDDF,DLH5H,2025-10-11 00:00:00+00:00,DLH,2025-10-11,D-AINM,AIRBUS,Airbus Industrie,A-320neo,A20N,L2J,Lufthansa,LUFTHANSA,DLH,2025-10-11 07:48:20+00:00,2025-10-11 09:03:21+00:00,1760168900,1760173401,DLH5H_3c65cd_1760168900_1760173401
3c65ca,2025-10-12 07:49:01+00:00,EGLL,2025-10-12 08:50:27+00:00,EDDF,DLH5H,2025-10-12 00:00:00+00:00,DLH,2025-10-12,D-AINJ,AIRBUS,Airbus Industrie,A320-271N,A20N,L2J,Lufthansa,LUFTHANSA,DLH,2025-10-12 07:49:01+00:00,2025-10-12 08:50:27+00:00,1760255341,1760259027,DLH5H_3c65ca_1760255341_1760259027
3c65cd,2025-10-13 07:37:24+00:00,EGLL,2025-10-13 08:40:28+00:00,EDDF,DLH5H,2025-10-13 00:00:00+00:00,DLH,2025-10-13,D-AINM,AIRBUS,Airbus Industrie,A-320neo,A20N,L2J,Lufthansa,LUFTHANSA,DLH,2025-10-13 07:37:24+00:00,2025-10-13 08:40:28+00:00,1760341044,1760344828,DLH5H_3c65cd_1760341044_1760344828
3c65c2,2025-10-14 07:49:50+00:00,EGLL,2025-10-14 08:50:12+00:00,EDDF,DLH5H,2025-10-14 00:00:00+00:00,DLH,2025-10-14,D-AINB,AIRBUS,Airbus,A320 271NSL,A20N,L2J,,LUFTHANSA,DLH,2025-10-14 07:49:50+00:00,2025-10-14 08:50:12+00:00,1760428190,1760431812,DLH5H_3c65c2_1760428190_1760431812
3c65ca,2025-10-17 07:45:32+00:00,EGLL,2025-10-17 08:42:17+00:00,EDDF,DLH5H,2025-10-17 00:00:00+00:00,DLH,2025-10-17,D-AINJ,AIRBUS,Airbus Industrie,A320-271N,A20N,L2J,Lufthansa,LUFTHANSA,DLH,2025-10-17 07:45:32+00:00,2025-10-17 08:42:17+00:00,1760687132,1760690537,DLH5H_3c65ca_1760687132_1760690537
3c6542,2025-10-18 07:37:55+00:00,EGLL,2025-10-18 08:36:13+00:00,EDDF,DLH5H,2025-10-18 00:00:00+00:00,DLH,2025-10-18,D-AIJB,AIRBUS,Airbus Industrie,A320-271N,A20N,L2J,Lufthansa,LUFTHANSA,DLH,2025-10-18 07:37:55+00:00,2025-10-18 08:36:13+00:00,1760773075,1760776573,DLH5H_3c6542_1760773075_1760776573
3c65c6,2025-10-19 07:59:06+00:00,EGLL,2025-10-19 08:54:43+00:00,EDDF,DLH5H,2025-10-19 00:00:00+00:00,DLH,2025-10-19,D-AINF,AIRBUS,Airbus,A320 271NSL,A20N,L2J,,LUFTHANSA,DLH,2025-10-19 07:59:06+00:00,2025-10-19 08:54:43+00:00,1760860746,1760864083,DLH5H_3c65c6_1760860746_1760864083
3c65cd,2025-10-20 07:50:42+00:00,EGLL,2025-10-20 09:00:51+00:00,EDDF,DLH5H,2025-10-20 00:00:00+00:00,DLH,2025-10-20,D-AINM,AIRBUS,Airbus Industrie,A-320neo,A20N,L2J,Lufthansa,LUFTHANSA,DLH,2025-10-20 07:50:42+00:00,2025-10-20 09:00:51+00:00,1760946642,1760950851,DLH5H_3c65cd_1760946642_1760950851
3c65c1,2025-10-21 07:49:30+00:00,EGLL,2025-10-21 08:50:23+00:00,EDDF,DLH5H,2025-10-21 00:00:00+00:00,DLH,2025-10-21,D-AINA,AIRBUS,Airbus,A320 271NSL,A20N,L2J,,LUFTHANSA,DLH,2025-10-21 07:49:30+00:00,2025-10-21 08:50:23+00:00,1761032970,1761036623,DLH5H_3c65c1_1761032970_1761036623
3c65d9,2025-10-22 07:34:49+00:00,EGLL,2025-10-22 08:39:27+00:00,EDDF,DLH5H,2025-10-22 00:00:00+00:00,DLH,2025-10-22,D-AINY,AIRBUS,Airbus Industrie,A320-271N,A20N,L2J,Lufthansa,LUFTHANSA,DLH,2025-10-22 07:34:49+00:00,2025-10-22 08:39:27+00:00,1761118489,1761122367,DLH5H_3c65d9_1761118489_1761122367
3c6542,2025-10-23 07:52:33+00:00,EGLL,2025-10-23 09:00:17+00:00,EDDF,DLH5H,2025-10-23 00:00:00+00:00,DLH,2025-10-23,D-AIJB,AIRBUS,Airbus Industrie,A320-271N,A20N,L2J,Lufthansa,LUFTHANSA,DLH,2025-10-23 07:52:33+00:00,2025-10-23 09:00:17+00:00,1761205953,1761210017,DLH5H_3c6542_1761205953_1761210017
3c65d9,2025-10-24 07:48:00+00:00,EGLL,2025-10-24 08:51:17+00:00,EDDF,DLH5H,2025-10-24 00:00:00+00:00,DLH,2025-10-24,D-AINY,AIRBUS,Airbus Industrie,A320-271N,A20N,L2J,Lufthansa,LUFTHANSA,DLH,2025-10-24 07:48:00+00:00,2025-10-24 08:51:17+00:00,1761292080,1761295877,DLH5H_3c65d9_1761292080_1761295877
3c65c3,2025-10-25 07:49:16+00:00,EGLL,2025-10-25 08:49:59+00:00,EDDF,DLH5H,2025-10-25 00:00:00+00:00,DLH,2025-10-25,D-AINC,AIRBUS,Airbus,A320 271NSL,A20N,L2J,,LUFTHANSA,DLH,2025-10-25 07:49:16+00:00,2025-10-25 08:49:59+00:00,1761378556,1761382199,DLH5H_3c65c3_1761378556_1761382199
3c65c3,2025-10-26 08:52:00+00:00,EGLL,2025-10-26 10:00:29+00:00,EDDF,DLH5H,2025-10-26 00:00:00+00:00,DLH,2025-10-26,D-AINC,AIRBUS,Airbus,A320 271NSL,A20N,L2J,,LUFTHANSA,DLH,2025-10-26 08:52:00+00:00,2025-10-26 10:00:29+00:00,1761468720,1761472829,DLH5H_3c65c3_1761468720_1761472829
3c65c1,2025-10-27 08:47:01+00:00,EGLL,2025-10-27 09:53:12+00:00,EDDF,DLH5H,2025-10-27 00:00:00+00:00,DLH,2025-10-27,D-AINA,AIRBUS,Airbus,A320 271NSL,A20N,L2J,,LUFTHANSA,DLH,2025-10-27 08:47:01+00:00,2025-10-27 09:53:12+00:00,1761554821,1761558792,DLH5H_3c65c1_1761554821_1761558792
3c65c1,2025-10-28 08:56:05+00:00,EGLL,2025-10-28 10:00:27+00:00,EDDF,DLH5H,2025-10-28 00:00:00+00:00,DLH,2025-10-28,D-AINA,AIRBUS,Airbus,A320 271NSL,A20N,L2J,,LUFTHANSA,DLH,2025-10-28 08:56:05+00:00,2025-10-28 10:00:27+00:00,1761641765,1761645627,DLH5H_3c65c1_1761641765_1761645627
3c65cd,2025-10-29 08:52:42+00:00,EGLL,2025-10-29 09:55:48+00:00,EDDF,DLH5H,2025-10-29 00:00:00+00:00,DLH,2025-10-29,D-AINM,AIRBUS,Airbus Industrie,A-320neo,A20N,L2J,Lufthansa,LUFTHANSA,DLH,2025-10-29 08:52:42+00:00,2025-10-29 09:55:48+00:00,1761727962,1761731748,DLH5H_3c65cd_1761727962_1761731748
3c65d6,2025-10-30 08:56:19+00:00,EGLL,2025-10-30 10:00:29+00:00,EDDF,DLH5H,2025-10-30 00:00:00+00:00,DLH,2025-10-30,D-AINV,AIRBUS,Airbus Industrie,,A20N,L2J,Lufthansa,LH2471,DLH,2025-10-30 08:56:19+00:00,2025-10-30 10:00:29+00:00,1761814579,1761818429,DLH5H_3c65d6_1761814579_1761818429
3c65ca,2025-10-31 08:39:23+00:00,EGLL,2025-10-31 09:44:28+00:00,EDDF,DLH5H,2025-10-31 00:00:00+00:00,DLH,2025-10-31,D-AINJ,AIRBUS,Airbus Industrie,A320-271N,A20N,L2J,Lufthansa,LUFTHANSA,DLH,2025-10-31 08:39:23+00:00,2025-10-31 09:44:28+00:00,1761899963,1761903868,DLH5H_3c65ca_1761899963_1761903868
3c65da,2025-11-01 09:01:00+00:00,EGLL,2025-11-01 10:02:17+00:00,EDDF,DLH5H,2025-11-01 00:00:00+00:00,DLH,2025-11-01,D-AINZ,AIRBUS,Airbus Industrie,A320-271N,A20N,L2J,Lufthansa,LUFTHANSA,DLH,2025-11-01 09:01:00+00:00,2025-11-01 10:02:17+00:00,1761987660,1761991337,DLH5H_3c65da_1761987660_1761991337
3c65c6,2025-11-02 09:23:01+00:00,EGLL,2025-11-02 10:22:13+00:00,EDDF,DLH5H,2025-11-02 00:00:00+00:00,DLH,2025-11-02,D-AINF,AIRBUS,Airbus,A320 271NSL,A20N,L2J,,LUFTHANSA,DLH,2025-11-02 09:23:01+00:00,2025-11-02 10:22:13+00:00,1762075381,1762078933,DLH5H_3c65c6_1762075381_1762078933
3c65c3,2025-11-03 08:53:42+00:00,EGLL,2025-11-03 10:01:18+00:00,EDDF,DLH5H,2025-11-03 00:00:00+00:00,DLH,2025-11-03,D-AINC,AIRBUS,Airbus,A320 271NSL,A20N,L2J,,LUFTHANSA,DLH,2025-11-03 08:53:42+00:00,2025-11-03 10:01:18+00:00,1762160022,1762164078,DLH5H_3c65c3_1762160022_1762164078
3c65c6,2025-11-04 08:42:21+00:00,EGLL,2025-11-04 09:49:38+00:00,EDDF,DLH5H,2025-11-04 00:00:00+00:00,DLH,2025-11-04,D-AINF,AIRBUS,Airbus,A320 271NSL,A20N,L2J,,LUFTHANSA,DLH,2025-11-04 08:42:21+00:00,2025-11-04 09:49:38+00:00,1762245741,1762249778,DLH5H_3c65c6_1762245741_1762249778
3c65da,2025-11-05 08:42:31+00:00,EGLL,2025-11-05 09:47:22+00:00,EDDF,DLH5H,2025-11-05 00:00:00+00:00,DLH,2025-11-05,D-AINZ,AIRBUS,Airbus Industrie,A320-271N,A20N,L2J,Lufthansa,LUFTHANSA,DLH,2025-11-05 08:42:31+00:00,2025-11-05 09:47:22+00:00,1762332151,1762336042,DLH5H_3c65da_1762332151_1762336042
3c6543,2025-11-06 08:46:04+00:00,EGLL,2025-11-06 09:50:57+00:00,EDDF,DLH5H,2025-11-06 00:00:00+00:00,DLH,2025-11-06,D-AIJC,AIRBUS,Airbus Industrie,A320-271N,A20N,L2J,Lufthansa,LUFTHANSA,DLH,2025-11-06 08:46:04+00:00,2025-11-06 09:50:57+00:00,1762418764,1762422657,DLH5H_3c6543_1762418764_1762422657
3c65cd,2025-11-07 09:10:32+00:00,EGLL,2025-11-07 10:15:10+00:00,EDDF,DLH5H,2025-11-07 00:00:00+00:00,DLH,2025-11-07,D-AINM,AIRBUS,Airbus Industrie,A-320neo,A20N,L2J,Lufthansa,LUFTHANSA,DLH,2025-11-07 09:10:32+00:00,2025-11-07 10:15:10+00:00,1762506632,1762510510,DLH5H_3c65cd_1762506632_1762510510
3c65c5,2025-11-08 08:33:16+00:00,EGLL,2025-11-08 09:38:39+00:00,EDDF,DLH5H,2025-11-08 00:00:00+00:00,DLH,2025-11-08,D-AINE,AIRBUS,Airbus,A320 271NSL,A20N,L2J,,LUFTHANSA,DLH,2025-11-08 08:33:16+00:00,2025-11-08 09:38:39+00:00,1762590796,1762594719,DLH5H_3c65c5_1762590796_1762594719
3c65ca,2025-11-09 09:32:49+00:00,EGLL,2025-11-09 10:34:29+00:00,EDDF,DLH5H,2025-11-09 00:00:00+00:00,DLH,2025-11-09,D-AINJ,AIRBUS,Airbus Industrie,A320-271N,A20N,L2J,Lufthansa,LUFTHANSA,DLH,2025-11-09 09:32:49+00:00,2025-11-09 10:34:29+00:00,1762680769,1762684469,DLH5H_3c65ca_1762680769_1762684469
3c65c2,2025-11-10 08:43:45+00:00,EGLL,2025-11-10 09:54:20+00:00,EDDF,DLH5H,2025-11-10 00:00:00+00:00,DLH,2025-11-10,D-AINB,AIRBUS,Airbus,A320 271NSL,A20N,L2J,,LUFTHANSA,DLH,2025-11-10 08:43:45+00:00,2025-11-10 09:54:20+00:00,1762764225,1762768460,DLH5H_3c65c2_1762764225_1762768460
3c65c7,2025-11-11 08:48:26+00:00,EGLL,2025-11-11 09:54:12+00:00,EDDF,DLH5H,2025-11-11 00:00:00+00:00,DLH,2025-11-11,D-AING,AIRBUS,Airbus,Airbus A320 271NSL,A20N,L2J,,LUFTHANSA,DLH,2025-11-11 08:48:26+00:00,2025-11-11 09:54:12+00:00,1762850906,1762854852,DLH5H_3c65c7_1762850906_1762854852
3c65cd,2025-11-12 08:42:20+00:00,EGLL,2025-11-12 09:53:11+00:00,EDDF,DLH5H,2025-11-12 00:00:00+00:00,DLH,2025-11-12,D-AINM,AIRBUS,Airbus Industrie,A-320neo,A20N,L2J,Lufthansa,LUFTHANSA,DLH,2025-11-12 08:42:20+00:00,2025-11-12 09:53:11+00:00,1762936940,1762941191,DLH5H_3c65cd_1762936940_1762941191
3c65c6,2025-11-13 08:37:46+00:00,EGLL,2025-11-13 09:40:07+00:00,EDDF,DLH5H,2025-11-13 00:00:00+00:00,DLH,2025-11-13,D-AINF,AIRBUS,Airbus,A320 271NSL,A20N,L2J,,LUFTHANSA,DLH,2025-11-13 08:37:46+00:00,2025-11-13 09:40:07+00:00,1763023066,1763026807,DLH5H_3c65c6_1763023066_1763026807
3c65c5,2025-11-14 08:53:42+00:00,EGLL,2025-11-14 09:59:21+00:00,EDDF,DLH5H,2025-11-14 00:00:00+00:00,DLH,2025-11-14,D-AINE,AIRBUS,Airbus,A320 271NSL,A20N,L2J,,LUFTHANSA,DLH,2025-11-14 08:53:42+00:00,2025-11-14 09:59:21+00:00,1763110422,1763114361,DLH5H_3c65c5_1763110422_1763114361
3c65c2,2025-11-15 08:38:09+00:00,EGLL,2025-11-15 09:41:28+00:00,EDDF,DLH5H,2025-11-15 00:00:00+00:00,DLH,2025-11-15,D-AINB,AIRBUS,Airbus,A320 271NSL,A20N,L2J,,LUFTHANSA,DLH,2025-11-15 08:38:09+00:00,2025-11-15 09:41:28+00:00,1763195889,1763199688,DLH5H_3c65c2_1763195889_1763199688
3c65c5,2025-11-16 08:36:00+00:00,EGLL,2025-11-16 09:41:12+00:00,EDDF,DLH5H,2025-11-16 00:00:00+00:00,DLH,2025-11-16,D-AINE,AIRBUS,Airbus,A320 271NSL,A20N,L2J,,LUFTHANSA,DLH,2025-11-16 08:36:00+00:00,2025-11-16 09:41:12+00:00,1763282160,1763286072,DLH5H_3c65c5_1763282160_1763286072
3c65d6,2025-11-17 08:55:10+00:00,EGLL,2025-11-17 10:01:37+00:00,EDDF,DLH5H,2025-11-17 00:00:00+00:00,DLH,2025-11-17,D-AINV,AIRBUS,Airbus Industrie,,A20N,L2J,Lufthansa,LH2471,DLH,2025-11-17 08:55:10+00:00,2025-11-17 10:01:37+00:00,1763369710,1763373697,DLH5H_3c65d6_1763369710_1763373697
3c6542,2025-11-18 09:05:30+00:00,EGLL,2025-11-18 10:08:56+00:00,EDDF,DLH5H,2025-11-18 00:00:00+00:00,DLH,2025-11-18,D-AIJB,AIRBUS,Airbus Industrie,A320-271N,A20N,L2J,Lufthansa,LUFTHANSA,DLH,2025-11-18 09:05:30+00:00,2025-11-18 10:08:56+00:00,1763456730,1763460536,DLH5H_3c6542_1763456730_1763460536
3c6542,2025-11-19 08:43:23+00:00,EGLL,2025-11-19 09:50:53+00:00,EDDF,DLH5H,2025-11-19 00:00:00+00:00,DLH,2025-11-19,D-AIJB,AIRBUS,Airbus Industrie,A320-271N,A20N,L2J,Lufthansa,LUFTHANSA,DLH,2025-11-19 08:43:23+00:00,2025-11-19 09:50:53+00:00,1763541803,1763545853,DLH5H_3c6542_1763541803_1763545853
3c65cd,2025-11-20 08:37:41+00:00,EGLL,2025-11-20 09:46:42+00:00,EDDF,DLH5H,2025-11-20 00:00:00+00:00,DLH,2025-11-20,D-AINM,AIRBUS,Airbus Industrie,A-320neo,A20N,L2J,Lufthansa,LUFTHANSA,DLH,2025-11-20 08:37:41+00:00,2025-11-20 09:46:42+00:00,1763627861,1763632002,DLH5H_3c65cd_1763627861_1763632002
3c65d6,2025-11-21 09:01:11+00:00,EGLL,2025-11-21 10:02:29+00:00,EDDF,DLH5H,2025-11-21 00:00:00+00:00,DLH,2025-11-21,D-AINV,AIRBUS,Airbus Industrie,,A20N,L2J,Lufthansa,LH2471,DLH,2025-11-21 09:01:11+00:00,2025-11-21 10:02:29+00:00,1763715671,1763719349,DLH5H_3c65d6_1763715671_1763719349
3c65d9,2025-11-22 08:43:42+00:00,EGLL,2025-11-22 09:54:27+00:00,EDDF,DLH5H,2025-11-22 00:00:00+00:00,DLH,2025-11-22,D-AINY,AIRBUS,Airbus Industrie,A320-271N,A20N,L2J,Lufthansa,LUFTHANSA,DLH,2025-11-22 08:43:42+00:00,2025-11-22 09:54:27+00:00,1763801022,1763805267,DLH5H_3c65d9_1763801022_1763805267
3c65c9,2025-11-23 08:45:40+00:00,EGLL,2025-11-23 09:50:16+00:00,EDDF,DLH5H,2025-11-23 00:00:00+00:00,DLH,2025-11-23,D-AINI,AIRBUS,Airbus,Airbus A320 271NSL,A20N,L2J,,LUFTHANSA,DLH,2025-11-23 08:45:40+00:00,2025-11-23 09:50:16+00:00,1763887540,1763891416,DLH5H_3c65c9_1763887540_1763891416
3c65da,2025-11-24 08:39:18+00:00,EGLL,2025-11-24 09:45:12+00:00,EDDF,DLH5H,2025-11-24 00:00:00+00:00,DLH,2025-11-24,D-AINZ,AIRBUS,Airbus Industrie,A320-271N,A20N,L2J,Lufthansa,LUFTHANSA,DLH,2025-11-24 08:39:18+00:00,2025-11-24 09:45:12+00:00,1763973558,1763977512,DLH5H_3c65da_1763973558_1763977512
3c65da,2025-11-25 08:45:51+00:00,EGLL,2025-11-25 10:02:28+00:00,EDDF,DLH5H,2025-11-25 00:00:00+00:00,DLH,2025-11-25,D-AINZ,AIRBUS,Airbus Industrie,A320-271N,A20N,L2J,Lufthansa,LUFTHANSA,DLH,2025-11-25 08:45:51+00:00,2025-11-25 10:02:28+00:00,1764060351,1764064948,DLH5H_3c65da_1764060351_1764064948
3c65ca,2025-11-26 08:51:13+00:00,EGLL,2025-11-26 09:54:29+00:00,EDDF,DLH5H,2025-11-26 00:00:00+00:00,DLH,2025-11-26,D-AINJ,AIRBUS,Airbus Industrie,A320-271N,A20N,L2J,Lufthansa,LUFTHANSA,DLH,2025-11-26 08:51:13+00:00,2025-11-26 09:54:29+00:00,1764147073,1764150869,DLH5H_3c65ca_1764147073_1764150869
3c65d9,2025-11-27 08:53:42+00:00,EGLL,2025-11-27 09:59:27+00:00,EDDF,DLH5H,2025-11-27 00:00:00+00:00,DLH,2025-11-27,D-AINY,AIRBUS,Airbus Industrie,A320-271N,A20N,L2J,Lufthansa,LUFTHANSA,DLH,2025-11-27 08:53:42+00:00,2025-11-27 09:59:27+00:00,1764233622,1764237567,DLH5H_3c65d9_1764233622_1764237567
3c65ca,2025-11-28 09:11:42+00:00,EGLL,2025-11-28 10:13:46+00:00,EDDF,DLH5H,2025-11-28 00:00:00+00:00,DLH,2025-11-28,D-AINJ,AIRBUS,Airbus Industrie,A320-271N,A20N,L2J,Lufthansa,LUFTHANSA,DLH,2025-11-28 09:11:42+00:00,2025-11-28 10:13:46+00:00,1764321102,1764324826,DLH5H_3c65ca_1764321102_1764324826
3c6543,2025-11-29 08:51:04+00:00,EGLL,2025-11-29 09:58:45+00:00,EDDF,DLH5H,2025-11-29 00:00:00+00:00,DLH,2025-11-29,D-AIJC,AIRBUS,Airbus Industrie,A320-271N,A20N,L2J,Lufthansa,LUFTHANSA,DLH,2025-11-29 08:51:04+00:00,2025-11-29 09:58:45+00:00,1764406264,1764410325,DLH5H_3c6543_1764406264_1764410325
3c65c3,2025-11-30 08:59:35+00:00,EGLL,2025-11-30 10:04:53+00:00,EDDF,DLH5H,2025-11-30 00:00:00+00:00,DLH,2025-11-30,D-AINC,AIRBUS,Airbus,A320 271NSL,A20N,L2J,,LUFTHANSA,DLH,2025-11-30 08:59:35+00:00,2025-11-30 10:04:53+00:00,1764493175,1764497093,DLH5H_3c65c3_1764493175_1764497093
3c65d9,2025-12-01 09:02:20+00:00,EGLL,2025-12-01 10:09:40+00:00,EDDF,DLH5H,2025-12-01 00:00:00+00:00,DLH,2025-12-01,D-AINY,AIRBUS,Airbus Industrie,A320-271N,A20N,L2J,Lufthansa,LUFTHANSA,DLH,2025-12-01 09:02:20+00:00,2025-12-01 10:09:40+00:00,1764579740,1764583780,DLH5H_3c65d9_1764579740_1764583780
3c65c1,2025-12-02 09:06:30+00:00,EGLL,2025-12-02 10:10:59+00:00,EDDF,DLH5H,2025-12-02 00:00:00+00:00,DLH,2025-12-02,D-AINA,AIRBUS,Airbus,A320 271NSL,A20N,L2J,,LUFTHANSA,DLH,2025-12-02 09:06:30+00:00,2025-12-02 10:10:59+00:00,1764666390,1764670259,DLH5H_3c65c1_1764666390_1764670259
3c6542,2025-12-03 08:56:44+00:00,EGLL,2025-12-03 10:03:26+00:00,EDDF,DLH5H,2025-12-03 00:00:00+00:00,DLH,2025-12-03,D-AIJB,AIRBUS,Airbus Industrie,A320-271N,A20N,L2J,Lufthansa,LUFTHANSA,DLH,2025-12-03 08:56:44+00:00,2025-12-03 10:03:26+00:00,1764752204,1764756206,DLH5H_3c6542_1764752204_1764756206
3c65d9,2025-12-04 08:47:39+00:00,EGLL,2025-12-04 09:48:08+00:00,EDDF,DLH5H,2025-12-04 00:00:00+00:00,DLH,2025-12-04,D-AINY,AIRBUS,Airbus Industrie,A320-271N,A20N,L2J,Lufthansa,LUFTHANSA,DLH,2025-12-04 08:47:39+00:00,2025-12-04 09:48:08+00:00,1764838059,1764841688,DLH5H_3c65d9_1764838059_1764841688
3c6543,2025-12-05 09:01:33+00:00,EGLL,2025-12-05 10:08:19+00:00,EDDF,DLH5H,2025-12-05 00:00:00+00:00,DLH,2025-12-05,D-AIJC,AIRBUS,Airbus Industrie,A320-271N,A20N,L2J,Lufthansa,LUFTHANSA,DLH,2025-12-05 09:01:33+00:00,2025-12-05 10:08:19+00:00,1764925293,1764929299,DLH5H_3c6543_1764925293_1764929299
3c65ca,2025-12-06 08:48:07+00:00,EGLL,2025-12-06 09:54:11+00:00,EDDF,DLH5H,2025-12-06 00:00:00+00:00,DLH,2025-12-06,D-AINJ,AIRBUS,Airbus Industrie,A320-271N,A20N,L2J,Lufthansa,LUFTHANSA,DLH,2025-12-06 08:48:07+00:00,2025-12-06 09:54:11+00:00,1765010887,1765014851,DLH5H_3c65ca_1765010887_1765014851
3c65c3,2025-12-07 08:44:21+00:00,EGLL,2025-12-07 09:50:19+00:00,EDDF,DLH5H,2025-12-07 00:00:00+00:00,DLH,2025-12-07,D-AINC,AIRBUS,Airbus,A320 271NSL,A20N,L2J,,LUFTHANSA,DLH,2025-12-07 08:44:21+00:00,2025-12-07 09:50:19+00:00,1765097061,1765101019,DLH5H_3c65c3_1765097061_1765101019
3c65da,2025-12-08 08:49:20+00:00,EGLL,2025-12-08 09:51:11+00:00,EDDF,DLH5H,2025-12-08 00:00:00+00:00,DLH,2025-12-08,D-AINZ,AIRBUS,Airbus Industrie,A320-271N,A20N,L2J,Lufthansa,LUFTHANSA,DLH,2025-12-08 08:49:20+00:00,2025-12-08 09:51:11+00:00,1765183760,1765187471,DLH5H_3c65da_1765183760_1765187471
3c65d6,2025-12-09 08:39:23+00:00,EGLL,2025-12-09 09:44:08+00:00,EDDF,DLH5H,2025-12-09 00:00:00+00:00,DLH,2025-12-09,D-AINV,AIRBUS,Airbus Industrie,,A20N,L2J,Lufthansa,LH2471,DLH,2025-12-09 08:39:23+00:00,2025-12-09 09:44:08+00:00,1765269563,1765273448,DLH5H_3c65d6_1765269563_1765273448
3c65da,2025-12-11 08:58:39+00:00,EGLL,2025-12-11 10:09:17+00:00,EDDF,DLH5H,2025-12-11 00:00:00+00:00,DLH,2025-12-11,D-AINZ,AIRBUS,Airbus Industrie,A320-271N,A20N,L2J,Lufthansa,LUFTHANSA,DLH,2025-12-11 08:58:39+00:00,2025-12-11 10:09:17+00:00,1765443519,1765447757,DLH5H_3c65da_1765443519_1765447757
3c65da,2025-12-12 09:08:53+00:00,EGLL,2025-12-12 10:10:29+00:00,EDDF,DLH5H,2025-12-12 00:00:00+00:00,DLH,2025-12-12,D-AINZ,AIRBUS,Airbus Industrie,A320-271N,A20N,L2J,Lufthansa,LUFTHANSA,DLH,2025-12-12 09:08:53+00:00,2025-12-12 10:10:29+00:00,1765530533,1765534229,DLH5H_3c65da_1765530533_1765534229
3c65cd,2025-12-13 08:47:43+00:00,EGLL,2025-12-13 10:01:40+00:00,EDDF,DLH5H,2025-12-13 00:00:00+00:00,DLH,2025-12-13,D-AINM,AIRBUS,Airbus Industrie,A-320neo,A20N,L2J,Lufthansa,LUFTHANSA,DLH,2025-12-13 08:47:43+00:00,2025-12-13 10:01:40+00:00,1765615663,1765620100,DLH5H_3c65cd_1765615663_1765620100
3c6542,2025-12-14 08:49:16+00:00,EGLL,2025-12-14 09:59:24+00:00,EDDF,DLH5H,2025-12-14 00:00:00+00:00,DLH,2025-12-14,D-AIJB,AIRBUS,Airbus Industrie,A320-271N,A20N,L2J,Lufthansa,LUFTHANSA,DLH,2025-12-14 08:49:16+00:00,2025-12-14 09:59:24+00:00,1765702156,1765706364,DLH5H_3c6542_1765702156_1765706364
3c65c1,2025-12-15 08:39:44+00:00,EGLL,2025-12-15 09:49:53+00:00,EDDF,DLH5H,2025-12-15 00:00:00+00:00,DLH,2025-12-15,D-AINA,AIRBUS,Airbus,A320 271NSL,A20N,L2J,,LUFTHANSA,DLH,2025-12-15 08:39:44+00:00,2025-12-15 09:49:53+00:00,1765787984,1765792193,DLH5H_3c65c1_1765787984_1765792193
3c6543,2025-12-16 09:01:15+00:00,EGLL,2025-12-16 09:58:16+00:00,EDDF,DLH5H,2025-12-16 00:00:00+00:00,DLH,2025-12-16,D-AIJC,AIRBUS,Airbus Industrie,A320-271N,A20N,L2J,Lufthansa,LUFTHANSA,DLH,2025-12-16 09:01:15+00:00,2025-12-16 09:58:16+00:00,1765875675,1765879096,DLH5H_3c6543_1765875675_1765879096
3c65d6,2025-12-17 10:36:20+00:00,EGLL,2025-12-17 11:46:48+00:00,EDDF,DLH5H,2025-12-17 00:00:00+00:00,DLH,2025-12-17,D-AINV,AIRBUS,Airbus Industrie,,A20N,L2J,Lufthansa,LH2471,DLH,2025-12-17 10:36:20+00:00,2025-12-17 11:46:48+00:00,1765967780,1765972008,DLH5H_3c65d6_1765967780_1765972008
3c65cd,2025-12-18 09:18:51+00:00,EGLL,2025-12-18 10:26:23+00:00,EDDF,DLH5H,2025-12-18 00:00:00+00:00,DLH,2025-12-18,D-AINM,AIRBUS,Airbus Industrie,A-320neo,A20N,L2J,Lufthansa,LUFTHANSA,DLH,2025-12-18 09:18:51+00:00,2025-12-18 10:26:23+00:00,1766049531,1766053583,DLH5H_3c65cd_1766049531_1766053583
3c65d9,2025-12-19 08:51:01+00:00,EGLL,2025-12-19 09:57:28+00:00,EDDF,DLH5H,2025-12-19 00:00:00+00:00,DLH,2025-12-19,D-AINY,AIRBUS,Airbus Industrie,A320-271N,A20N,L2J,Lufthansa,LUFTHANSA,DLH,2025-12-19 08:51:01+00:00,2025-12-19 09:57:28+00:00,1766134261,1766138248,DLH5H_3c65d9_1766134261_1766138248
3c65da,2025-12-20 08:47:32+00:00,EGLL,2025-12-20 09:47:29+00:00,EDDF,DLH5H,2025-12-20 00:00:00+00:00,DLH,2025-12-20,D-AINZ,AIRBUS,Airbus Industrie,A320-271N,A20N,L2J,Lufthansa,LUFTHANSA,DLH,2025-12-20 08:47:32+00:00,2025-12-20 09:47:29+00:00,1766220452,1766224049,DLH5H_3c65da_1766220452_1766224049
3c65c7,2025-12-21 08:51:22+00:00,EGLL,2025-12-21 09:52:40+00:00,EDDF,DLH5H,2025-12-21 00:00:00+00:00,DLH,2025-12-21,D-AING,AIRBUS,Airbus,Airbus A320 271NSL,A20N,L2J,,LUFTHANSA,DLH,2025-12-21 08:51:22+00:00,2025-12-21 09:52:40+00:00,1766307082,1766310760,DLH5H_3c65c7_1766307082_1766310760
3c65c2,2025-12-22 08:49:14+00:00,EGLL,2025-12-22 09:58:55+00:00,EDDF,DLH5H,2025-12-22 00:00:00+00:00,DLH,2025-12-22,D-AINB,AIRBUS,Airbus,A320 271NSL,A20N,L2J,,LUFTHANSA,DLH,2025-12-22 08:49:14+00:00,2025-12-22 09:58:55+00:00,1766393354,1766397535,DLH5H_3c65c2_1766393354_1766397535
3c65c1,2025-12-23 08:48:45+00:00,EGLL,2025-12-23 09:50:55+00:00,EDDF,DLH5H,2025-12-23 00:00:00+00:00,DLH,2025-12-23,D-AINA,AIRBUS,Airbus,A320 271NSL,A20N,L2J,,LUFTHANSA,DLH,2025-12-23 08:48:45+00:00,2025-12-23 09:50:55+00:00,1766479725,1766483455,DLH5H_3c65c1_1766479725_1766483455
3c65c7,2025-12-24 08:45:43+00:00,EGLL,2025-12-24 09:51:22+00:00,EDDF,DLH5H,2025-12-24 00:00:00+00:00,DLH,2025-12-24,D-AING,AIRBUS,Airbus,Airbus A320 271NSL,A20N,L2J,,LUFTHANSA,DLH,2025-12-24 08:45:43+00:00,2025-12-24 09:51:22+00:00,1766565943,1766569882,DLH5H_3c65c7_1766565943_1766569882
3c6542,2025-12-27 08:54:37+00:00,EGLL,2025-12-27 09:59:46+00:00,EDDF,DLH5H,2025-12-27 00:00:00+00:00,DLH,2025-12-27,D-AIJB,AIRBUS,Airbus Industrie,A320-271N,A20N,L2J,Lufthansa,LUFTHANSA,DLH,2025-12-27 08:54:37+00:00,2025-12-27 09:59:46+00:00,1766825677,1766829586,DLH5H_3c6542_1766825677_1766829586
3c65d9,2025-12-28 08:51:04+00:00,EGLL,2025-12-28 09:59:57+00:00,EDDF,DLH5H,2025-12-28 00:00:00+00:00,DLH,2025-12-28,D-AINY,AIRBUS,Airbus Industrie,A320-271N,A20N,L2J,Lufthansa,LUFTHANSA,DLH,2025-12-28 08:51:04+00:00,2025-12-28 09:59:57+00:00,1766911864,1766915997,DLH5H_3c65d9_1766911864_1766915997
3c65d6,2025-12-29 09:23:04+00:00,EGLL,2025-12-29 10:22:24+00:00,EDDF,DLH5H,2025-12-29 00:00:00+00:00,DLH,2025-12-29,D-AINV,AIRBUS,Airbus Industrie,,A20N,L2J,Lufthansa,LH2471,DLH,2025-12-29 09:23:04+00:00,2025-12-29 10:22:24+00:00,1767000184,1767003744,DLH5H_3c65d6_1767000184_1767003744
3c65da,2025-12-30 08:38:40+00:00,EGLL,2025-12-30 09:38:58+00:00,EDDF,DLH5H,2025-12-30 00:00:00+00:00,DLH,2025-12-30,D-AINZ,AIRBUS,Airbus Industrie,A320-271N,A20N,L2J,Lufthansa,LUFTHANSA,DLH,2025-12-30 08:38:40+00:00,2025-12-30 09:38:58+00:00,1767083920,1767087538,DLH5H_3c65da_1767083920_1767087538
3c65da,2025-12-31 08:40:22+00:00,EGLL,2025-12-31 09:46:24+00:00,EDDF,DLH5H,2025-12-31 00:00:00+00:00,DLH,2025-12-31,D-AINZ,AIRBUS,Airbus Industrie,A320-271N,A20N,L2J,Lufthansa,LUFTHANSA,DLH,2025-12-31 08:40:22+00:00,2025-12-31 09:46:24+00:00,1767170422,1767174384,DLH5H_3c65da_1767170422_1767174384